xml_id,wikidata_url
HansVonAachen,http://www.wikidata.org/entity/Q152835
Aaron,https://www.wikidata.org/wiki/Q51676
NicoloDellAbbate,http://www.wikidata.org/entity/Q333563
Abel,https://www.wikidata.org/wiki/Q313421
AbgarV,https://www.wikidata.org/wiki/Q320168
Abiron,https://www.wikidata.org/wiki/Q114008399
Abraham,https://www.wikidata.org/wiki/Q9181
JudaAbravanel,https://www.wikidata.org/wiki/Q467062
PietroAccolti,https://www.wikidata.org/wiki/Q1337909
Achab,https://www.wikidata.org/wiki/Q235901
Achille,https://www.wikidata.org/wiki/Q41746
Achemenide,https://www.wikidata.org/wiki/Q930198
Adam,https://www.wikidata.org/wiki/Q70899
Adonis,https://www.wikidata.org/wiki/Q163920
Adramalech,https://www.wikidata.org/wiki/Q366515
AdrienVI,https://www.wikidata.org/wiki/Q57087
PierreAffre,http://www.wikidata.org/entity/Q3383648
Agamemnon,https://www.wikidata.org/wiki/Q128176
Agar,https://www.wikidata.org/wiki/Q214617
Aglaophon,https://www.wikidata.org/wiki/Q1454839
Agoracritos,https://www.wikidata.org/wiki/Q395404
LeonardoAgostini,https://www.wikidata.org/wiki/Q1054161
AgrippaIer,https://www.wikidata.org/wiki/Q298636
Agucchi,http://www.wikidata.org/entity/Q3766546
Agenor,https://www.wikidata.org/wiki/Q392631
Agesandros,https://www.wikidata.org/wiki/Q983432
AhmosisII,https://www.wikidata.org/wiki/Q312045
Aistolf,https://www.wikidata.org/wiki/Q312504
IbnAlHaytham,https://www.wikidata.org/wiki/Q11104
Alaric,https://www.wikidata.org/wiki/Q102371
Albane,http://www.wikidata.org/entity/Q358147
AlbertII,https://www.wikidata.org/wiki/Q157112
AlbertoAlberti,https://www.wikidata.org/wiki/Q323557
BenedettoAlberti,https://www.wikidata.org/wiki/Q62032375
BernardoAlberti,https://www.wikidata.org/wiki/Q55225022
CherubinoAlberti,http://www.wikidata.org/entity/Q2553402
CiprianoAlberti,https://www.wikidata.org/wiki/Q88174978
AlbertiDurante,http://www.wikidata.org/entity/Q1165466
Alberti,http://www.wikidata.org/entity/Q3064890
GiovanniAlberti,http://www.wikidata.org/entity/Q3106983
LeonBattistaAlberti,http://www.wikidata.org/entity/Q182046
RomanoAlberti,https://www.wikidata.org/wiki/Q3338349
MariottoAlbertinelli,http://www.wikidata.org/entity/Q436823
LaurentiusAlbertus,https://www.wikidata.org/wiki/Q1264440
Alcamene,https://www.wikidata.org/wiki/Q505640
AndreaAlciato,https://www.wikidata.org/wiki/Q464471
Alcibiade,https://www.wikidata.org/wiki/Q187982
Alcinoos,https://www.wikidata.org/wiki/Q936686
HeinrichAldegrever,http://www.wikidata.org/entity/Q62514
ClementVIII,https://www.wikidata.org/wiki/Q170395
PietroAldobrandini,https://www.wikidata.org/wiki/Q691894
AlexandreLeGrand,https://www.wikidata.org/wiki/Q8409
HeronAlexandrie,https://www.wikidata.org/wiki/Q161853
AlessandroAlgardi,http://www.wikidata.org/entity/Q336798
Dante,http://www.wikidata.org/entity/Q1067
Correge,http://www.wikidata.org/entity/Q8457
Ingegno,http://www.wikidata.org/entity/Q2846290
SaintJacquesMineur,https://www.wikidata.org/wiki/Q16621985
Althee,https://www.wikidata.org/wiki/Q440440
BindoAltoviti,https://www.wikidata.org/wiki/Q22810427
FerdinandAlvareDeTolede,https://www.wikidata.org/wiki/Q80847
Amalasonte,https://www.wikidata.org/wiki/Q371670
Amalthee,https://www.wikidata.org/wiki/Q107785
ChristophAmberger,http://www.wikidata.org/entity/Q653163
AngePolitien,http://www.wikidata.org/entity/Q250414
JostAmman,http://www.wikidata.org/entity/Q116240
BartolomeoAmmannati,http://www.wikidata.org/entity/Q312366
AmmienMarcellin,https://www.wikidata.org/wiki/Q172198
ScipioneAmmirato,https://www.wikidata.org/wiki/Q600041
Amphiaraos,https://www.wikidata.org/wiki/Q330584
Amphion,https://www.wikidata.org/wiki/Q242835
Amulius,https://www.wikidata.org/wiki/Q1395422
Amycos,https://www.wikidata.org/wiki/Q697942
Anacreon,https://www.wikidata.org/wiki/Q213484
Anaxagore,https://www.wikidata.org/wiki/Q83041
Anchise,https://www.wikidata.org/wiki/Q211953
LippoAndrea,http://www.wikidata.org/entity/Q18627228
Androcydes,https://www.wikidata.org/wiki/Q4759434
Andromede,https://www.wikidata.org/wiki/Q161582
JacquesAndrouetDuCerceau,http://www.wikidata.org/entity/Q781934
SaintAndre,https://www.wikidata.org/wiki/Q43399
FraAngelico,http://www.wikidata.org/entity/Q5664
MargueritedeNavarre,https://www.wikidata.org/wiki/Q190058
JacquesAngouleme,http://www.wikidata.org/entity/Q19597256
EuropaAnguissola,http://www.wikidata.org/entity/Q1375207
LuciaAnguissola,http://www.wikidata.org/entity/Q465443
SofonisbaAnguissola,http://www.wikidata.org/entity/Q236038
CharlesIAnjou,https://www.wikidata.org/wiki/Q203829
CharlesCalabre,https://www.wikidata.org/wiki/Q201737
ReneAnjou,https://www.wikidata.org/wiki/Q170353
SainteAnne,https://www.wikidata.org/wiki/Q164294
MichelangeloAnselmi,http://www.wikidata.org/entity/Q577590
Antinous,https://www.wikidata.org/wiki/Q171876
SainteMarguerite,https://www.wikidata.org/wiki/Q297742
Antiochos,https://www.wikidata.org/wiki/Q579596
Antiphile,https://www.wikidata.org/wiki/Q581959
Anthistene,https://www.wikidata.org/wiki/Q179149
Antisthene,https://www.wikidata.org/wiki/Q179149
MarcAntoine,https://www.wikidata.org/wiki/Q51673
Antee,https://www.wikidata.org/wiki/Q272006
Apama,https://www.wikidata.org/wiki/Q237626
Apelle,https://www.wikidata.org/wiki/Q216822
PetrusApianus,https://www.wikidata.org/wiki/Q58662
Apollodore,https://www.wikidata.org/wiki/Q522080
Apollon,https://www.wikidata.org/wiki/Q37340
Appien,https://www.wikidata.org/wiki/Q190368
Aquilon,https://www.wikidata.org/wiki/Q2859290
ThomasAquin,https://www.wikidata.org/wiki/Q9438
Arachne,https://www.wikidata.org/wiki/Q190082
AlphonseV,https://www.wikidata.org/wiki/Q312304
Arcadius,https://www.wikidata.org/wiki/Q159369
GiuseppeArchimboldo,http://www.wikidata.org/entity/Q7751
Archimede,https://www.wikidata.org/wiki/Q8739
ArchelaosI,https://www.wikidata.org/wiki/Q26846
GaleazzoArconati,https://www.wikidata.org/wiki/Q47009360
ArdicesDeCorinthe,https://www.wikidata.org/wiki/Q3622541
Arellius,https://www.wikidata.org/wiki/Q4788796
MarchionneAretino,https://www.wikidata.org/wiki/Q60841695
PietroAretino,http://www.wikidata.org/entity/Q296272
SpinelloAretino,http://www.wikidata.org/entity/Q287934
PellegrinoAretusi,http://www.wikidata.org/entity/Q2698667
MargaritoArezzo,http://www.wikidata.org/entity/Q2518566
Ariane,https://www.wikidata.org/wiki/Q184874
JosephDArimathie,https://www.wikidata.org/wiki/Q271474
LudovicoAriosto,http://www.wikidata.org/entity/Q48900
AeliusAristide,https://www.wikidata.org/wiki/Q354431
Aristodeme,https://www.wikidata.org/wiki/Q15816269
Aristophane,https://www.wikidata.org/wiki/Q43353
Aristote,https://www.wikidata.org/wiki/Q868
GeorgesDArmagnac,https://www.wikidata.org/wiki/Q1772423
GiovanniBattistiArmenini,http://www.wikidata.org/entity/Q5563697
LouisDArpajon,https://www.wikidata.org/wiki/Q1872093
Guariento,http://www.wikidata.org/entity/Q1391765
Arrien,https://www.wikidata.org/wiki/Q31845
ArsinoeII,https://www.wikidata.org/wiki/Q40234
Artaxerxes,https://www.wikidata.org/wiki/Q189689
ArtaxiasI,https://www.wikidata.org/wiki/Q319478
ArtemiseI,https://www.wikidata.org/wiki/Q232128
Asclepios,https://www.wikidata.org/wiki/Q83223
AsiaNymphe,https://www.wikidata.org/wiki/Q605744
TizianoAspetti,http://www.wikidata.org/entity/Q323978
SaintFrancois,https://www.wikidata.org/wiki/Q676555
Astaroth,https://www.wikidata.org/wiki/Q830172
Astarte,https://www.wikidata.org/wiki/Q130274
Atalante,https://www.wikidata.org/wiki/Q190323
Atargatis,https://www.wikidata.org/wiki/Q221735
Athenodore,https://www.wikidata.org/wiki/Q182235
Damon,https://www.wikidata.org/wiki/Q2346819
GlyconAthenes,https://www.wikidata.org/wiki/Q707097
Metrodore,https://www.wikidata.org/wiki/Q721095
Philon,https://www.wikidata.org/wiki/Q240499
Philostrate,https://www.wikidata.org/wiki/Q2274948
AttaleII,https://www.wikidata.org/wiki/Q312431
IsottadegliAtti,https://www.wikidata.org/wiki/Q1168634
TitusAtticus,https://www.wikidata.org/wiki/Q311733
Attila,https://www.wikidata.org/wiki/Q36724
Auguste,https://www.wikidata.org/wiki/Q1405
AuluGelle,https://www.wikidata.org/wiki/Q294800
Aurelien,https://www.wikidata.org/wiki/Q46780
CharlesDAutriche,https://www.wikidata.org/wiki/Q159817
IsabelleClaireEugenieDAutriche,https://www.wikidata.org/wiki/Q158256
JacopoAvanzi,http://www.wikidata.org/entity/Q579717
Azarias,https://www.wikidata.org/wiki/Q2025510
Baal,https://www.wikidata.org/wiki/Q590467
Bacchus,https://www.wikidata.org/wiki/Q645312
DominiqueBachelier,http://www.wikidata.org/entity/Q3034958
NicolasBachelier,http://www.wikidata.org/entity/Q713209
SistoBadalocchio,http://www.wikidata.org/entity/Q729057
AntonioBadile,http://www.wikidata.org/entity/Q941609
GiovanniBaglione,http://www.wikidata.org/entity/Q983332
BaccioBaldini,http://www.wikidata.org/entity/Q324091
BernardinoBaldini,https://www.wikidata.org/wiki/Q28973029
AlessoBaldovinetti,http://www.wikidata.org/entity/Q472073
SaintBasile,https://www.wikidata.org/wiki/Q1136050
BaccioBandinelli,http://www.wikidata.org/entity/Q358348
GiovanniBandini,http://www.wikidata.org/entity/Q3766522
SaintJeanBaptiste,https://www.wikidata.org/wiki/Q40662
DanieleBarbaro,http://www.wikidata.org/entity/Q378870
HermolaoBarbaro,https://www.wikidata.org/wiki/Q1236821
SainteBarbe,https://www.wikidata.org/wiki/Q192816
AntonioBarberini,https://www.wikidata.org/wiki/Q599744
FrancescoBarberini,https://www.wikidata.org/wiki/Q534683
UrbainVIII,https://www.wikidata.org/wiki/Q131579
LouisBarbierDeLaRiviere,https://www.wikidata.org/wiki/Q3261176
DomenicoDelBarbiere,http://www.wikidata.org/entity/Q1411009
Guerchin,http://www.wikidata.org/entity/Q334262
PaulII,https://www.wikidata.org/wiki/Q102605
JeanBarb√©,https://www.wikidata.org/wiki/Q112426675
HannibalBarca,https://www.wikidata.org/wiki/Q36456
DirckBarendsz,http://www.wikidata.org/entity/Q2183916
GiovanniBarile,http://www.wikidata.org/entity/Q21899339
TommasoBarlacchi,http://www.wikidata.org/entity/Q21555335
CesareBaronio,https://www.wikidata.org/wiki/Q317900
JacopoBarozziDaVignola,http://www.wikidata.org/entity/Q297565
CosimoBartoli,http://www.wikidata.org/entity/Q1136048
PietroBartoli,https://www.wikidata.org/wiki/Q117038000
TaddeoDiBartolo,http://www.wikidata.org/entity/Q740231
FraBartolomeo,http://www.wikidata.org/entity/Q7780
DomenicoVeneziano,http://www.wikidata.org/entity/Q368546
MarcoBasaiti,http://www.wikidata.org/entity/Q918859
Basiliscus,https://www.wikidata.org/wiki/Q193056
Bassano,http://www.wikidata.org/entity/Q20888877
FrancescoBassanoIlVecchio,http://www.wikidata.org/entity/Q3080906
FrancescoBassano,http://www.wikidata.org/entity/Q705079
GerolamoBassano,http://www.wikidata.org/entity/Q286685
GiovanniBattistaBassano,http://www.wikidata.org/entity/Q3107030
JacopoBassano,http://www.wikidata.org/entity/Q346502
LeandroBassano,http://www.wikidata.org/entity/Q1349666
MartinoBassi,http://www.wikidata.org/entity/Q3850232
JeanBaudouin,https://www.wikidata.org/wiki/Q3170645
JeromeBaullery,http://www.wikidata.org/entity/Q3190805
JohannWilhelmBaur,http://www.wikidata.org/entity/Q324487
Sodoma,http://www.wikidata.org/entity/Q8506
CharlesBeaubrun,http://www.wikidata.org/entity/Q5075493
HenriBeaubrun,http://www.wikidata.org/entity/Q21452901
LouisBeaubrun,http://www.wikidata.org/entity/Q57243958
DomenicoBeccafumi,http://www.wikidata.org/entity/Q455712
LorenzoBeccafumi,https://www.wikidata.org/wiki/Q21710984
JacquesBellange,http://www.wikidata.org/entity/Q874658
BartolomeoBellano,http://www.wikidata.org/entity/Q809488
JehanBellegambe,http://www.wikidata.org/entity/Q932136
SilvioBelli,https://www.wikidata.org/wiki/Q18945788
GentileBellini,http://www.wikidata.org/entity/Q290407
GiovanniBellini,http://www.wikidata.org/entity/Q17169
JacopoBellini,http://www.wikidata.org/entity/Q313310
NicolosiaBellini,https://www.wikidata.org/wiki/Q18507304
VittoreBelliniano,http://www.wikidata.org/entity/Q4015179
GiovanniPietroBellori,http://www.wikidata.org/entity/Q714400
Belus,https://www.wikidata.org/wiki/Q617753
PietroBembo,http://www.wikidata.org/entity/Q334188
GinevraBenci,https://www.wikidata.org/wiki/Q3494135
GiovanniBattistaBenedetti,https://www.wikidata.org/wiki/Q451647
SainteCatherineDeSienne,https://www.wikidata.org/wiki/Q229190
Bernin,http://www.wikidata.org/entity/Q160538
GiovanBattistaBertani,http://www.wikidata.org/entity/Q3766052
JacopoBertoia,http://www.wikidata.org/entity/Q1643157
LorenzoDiBicci,http://www.wikidata.org/entity/Q856749
Franciabigio,http://www.wikidata.org/entity/Q537712
FlavioBiondo,https://www.wikidata.org/wiki/Q434834
MichelangeloBiondo,https://www.wikidata.org/wiki/Q16657844
SainteBrigitteDeSuede,https://www.wikidata.org/wiki/Q204996
JacquesBlanchard,http://www.wikidata.org/entity/Q385845
AbrahamBloemaert,http://www.wikidata.org/entity/Q329811
CornelisIIBloemaert,http://www.wikidata.org/entity/Q518767
LancelotBlondeel,http://www.wikidata.org/entity/Q2125116
FrancoisBlondel,http://www.wikidata.org/entity/Q600701
BoccaccioBoccaccino,http://www.wikidata.org/entity/Q721349
CamilloBoccaccino,http://www.wikidata.org/entity/Q1029340
BenoitXI,https://www.wikidata.org/wiki/Q169301
AchilleBocchi,https://www.wikidata.org/wiki/Q3604350
FrancescoBocchi,https://www.wikidata.org/wiki/Q5479222
FerdinandBol,http://www.wikidata.org/entity/Q374039
HansBol,http://www.wikidata.org/entity/Q999233
NicolasBollery,http://www.wikidata.org/entity/Q3340069
VitaleDaBologna,http://www.wikidata.org/entity/Q2575398
Giambologna,http://www.wikidata.org/entity/Q220136
SchelteBolswert,http://www.wikidata.org/entity/Q2288622
GiovanniAntonioBoltraffio,http://www.wikidata.org/entity/Q442528
PierioValeriano,https://www.wikidata.org/wiki/Q710070
GiulioBonasone,http://www.wikidata.org/entity/Q1527962
GregoireXIII,https://www.wikidata.org/wiki/Q83029
GianpaoloBonconti,http://www.wikidata.org/entity/Q99887491
OnofrioBoni,https://www.wikidata.org/wiki/Q28571871
FrancoisDeBonneDeCrequi,https://www.wikidata.org/wiki/Q3086124
FrancescoBonsignori,http://www.wikidata.org/entity/Q2524101
AlessandroBonvicino,http://www.wikidata.org/entity/Q954504
AnselmusBoetiusDeBoodt,https://www.wikidata.org/wiki/Q1818116
ParisBordone,http://www.wikidata.org/entity/Q366081
GiovanniAlfonsoBorelli,https://www.wikidata.org/wiki/Q311814
PaulV,https://www.wikidata.org/wiki/Q132711
AntigoneleBorgne,https://www.wikidata.org/wiki/Q55038392
GherardoBorgogni,https://www.wikidata.org/wiki/Q55875086
BorisI,https://www.wikidata.org/wiki/Q311057
AlexandreVI,https://www.wikidata.org/wiki/Q108316
CarloBorromeo,https://www.wikidata.org/wiki/Q216946
FedericoBorromeo,https://www.wikidata.org/wiki/Q469171
Boree,https://www.wikidata.org/wiki/Q109220
HieronimusBosch,http://www.wikidata.org/entity/Q130531
FrancescoBoschi,http://www.wikidata.org/entity/Q3080919
AndreaBoscoli,http://www.wikidata.org/entity/Q1056313
AntonioBosio,https://www.wikidata.org/wiki/Q600982
AbrahamBosse,http://www.wikidata.org/entity/Q326215
AntipaterDeBostra,https://www.wikidata.org/wiki/Q2696411
AndriesBoth,http://www.wikidata.org/entity/Q510472
JanBoth,http://www.wikidata.org/entity/Q981631
MatteoBotti,https://www.wikidata.org/wiki/Q24718757
SandroBotticelli,http://www.wikidata.org/entity/Q5669
LouisBoucherat,https://www.wikidata.org/wiki/Q3261319
PierreBoucle,http://www.wikidata.org/entity/Q10349690
HennequinDeBruges,http://www.wikidata.org/entity/Q1370613
Valentin,http://www.wikidata.org/entity/Q1337275
Boupalos,https://www.wikidata.org/wiki/Q852011
CharlesIIIBourbon,https://www.wikidata.org/wiki/Q506466
FrancescoDelMonte,https://www.wikidata.org/wiki/Q140106
ArmandDeBourbonConti,https://www.wikidata.org/wiki/Q465844
SebastienBourdon,http://www.wikidata.org/entity/Q553795
LouisIIBourdonConde,https://www.wikidata.org/wiki/Q310837
Boutades,https://www.wikidata.org/wiki/Q1017839
ClaudeBoutet,https://www.wikidata.org/wiki/Q2977077
ClaudineBouzonnetStella,http://www.wikidata.org/entity/Q5129302
JeanIDeBragance,https://www.wikidata.org/wiki/Q2701474
FrancescoBrambillaIlGiovane,http://www.wikidata.org/entity/Q3749665
GiovanniBattistaBranconioDellAquila,https://www.wikidata.org/wiki/Q3107048
IsabellaBrandt,https://www.wikidata.org/wiki/Q2215964
JanBrandt,https://www.wikidata.org/wiki/Q21543237
FriedrichIBrentel,http://www.wikidata.org/entity/Q5503769
PaulBril,http://www.wikidata.org/entity/Q540753
AgnoloBronzino,http://www.wikidata.org/entity/Q7803
SalomonDeBrosse,http://www.wikidata.org/entity/Q725816
JeanBaptisteDeBrouchoven,https://www.wikidata.org/wiki/Q1985418
AdriaenBrouwer,http://www.wikidata.org/entity/Q364139
LiberalBruand,http://www.wikidata.org/entity/Q3090458
JanBrueghel,http://www.wikidata.org/entity/Q209050
PieterBrueghelDeOude,http://www.wikidata.org/entity/Q43270
Brunelleschi,http://www.wikidata.org/entity/Q174330
DomenicoBrusasorzi,http://www.wikidata.org/entity/Q2297219
Bryaxis,https://www.wikidata.org/wiki/Q122196
Bucephale,https://www.wikidata.org/wiki/Q201598
BuonamicoBuffalmacco,http://www.wikidata.org/entity/Q972487
GiulianoBugiardini,http://www.wikidata.org/entity/Q2578459
JeanBullant,http://www.wikidata.org/entity/Q967445
FrancoisBunel,http://www.wikidata.org/entity/Q5493203
JacobBunel,http://www.wikidata.org/entity/Q6118432
PietroBuonaccorsi,http://www.wikidata.org/entity/Q918778
LodovicoDiLeonardoBuonarrotiSimoni,https://www.wikidata.org/wiki/Q21707110
MichelAnge,http://www.wikidata.org/entity/Q5592
GiovanniBuonconsiglio,http://www.wikidata.org/entity/Q5563793
Duccio,http://www.wikidata.org/entity/Q15792
CesarDeBus,https://www.wikidata.org/wiki/Q1150806
GabrieleBusca,https://www.wikidata.org/wiki/Q18945327
Buschetto,http://www.wikidata.org/entity/Q97516526
AgostinoBusti,http://www.wikidata.org/entity/Q395600
BernardinoButinone,http://www.wikidata.org/entity/Q2622155
NicolasBeatrizet,http://www.wikidata.org/entity/Q461143
Beseleel,https://www.wikidata.org/wiki/Q853439
Cacus,https://www.wikidata.org/wiki/Q754686
Cadmos,https://www.wikidata.org/wiki/Q27613
Calamis,https://www.wikidata.org/wiki/Q918382
JanStevenVanCalcar,http://www.wikidata.org/entity/Q1397369
Calchas,https://www.wikidata.org/wiki/Q725527
BenedettoCaliari,http://www.wikidata.org/entity/Q2054338
CarloCaliari,http://www.wikidata.org/entity/Q2939168
GabrieleCaliari,http://www.wikidata.org/entity/Q5515997
Caligula,https://www.wikidata.org/wiki/Q1409
CalixteI,https://www.wikidata.org/wiki/Q122376
Callicles,https://www.wikidata.org/wiki/Q553801
CalliclesPeintre,https://www.wikidata.org/wiki/Q11916351
Callicratidas,https://www.wikidata.org/wiki/Q465803
Callicrates,https://www.wikidata.org/wiki/Q114112
Callimaque,https://www.wikidata.org/wiki/Q553631
Calliope,https://www.wikidata.org/wiki/Q103975
Callon,https://www.wikidata.org/wiki/Q1722514
JacquesCallot,http://www.wikidata.org/entity/Q460124
DenysCalvaert,http://www.wikidata.org/entity/Q544264
LazzaroCalvi,http://www.wikidata.org/entity/Q3220074
Calypso,https://www.wikidata.org/wiki/Q48961
AndreaCamassei,http://www.wikidata.org/entity/Q3615565
LucaCambiaso,http://www.wikidata.org/entity/Q712512
GiulioCamillo,https://www.wikidata.org/wiki/Q331003
GirolamoCampagnola,http://www.wikidata.org/entity/Q27501610
GiulioCampagnola,http://www.wikidata.org/entity/Q1989594
Campaspe,https://www.wikidata.org/wiki/Q432787
AntonioCampi,http://www.wikidata.org/entity/Q601175
BernardinoCampi,http://www.wikidata.org/entity/Q822891
GaleazzoCampi,http://www.wikidata.org/entity/Q707600
GiulioCampi,http://www.wikidata.org/entity/Q1528003
VincenzoCampi,http://www.wikidata.org/entity/Q921130
Candaule,https://www.wikidata.org/wiki/Q434217
PeterCandid,http://www.wikidata.org/entity/Q315803
PietroMariaCanepario,https://www.wikidata.org/wiki/Q21855521
DomenicoCanigiani,https://www.wikidata.org/wiki/Q55226388
LorenzoCanozi,http://www.wikidata.org/entity/Q3836903
CaterinaCantoni,https://www.wikidata.org/wiki/Q123753387
GirolamoCappello,https://www.wikidata.org/wiki/Q5564757
JuliusCapitolinus,https://www.wikidata.org/wiki/Q391514
FrancescoCapriani,http://www.wikidata.org/entity/Q748699
Caracalla,https://www.wikidata.org/wiki/Q1446
CarloCarafa,https://www.wikidata.org/wiki/Q1041979
PaulIV,https://www.wikidata.org/wiki/Q101430
GiovanniJacopoCaraglio,http://www.wikidata.org/entity/Q705640
Caravage,http://www.wikidata.org/entity/Q42207
PolidoroDaCaravaggio,http://www.wikidata.org/entity/Q964822
GerolamoCardano,https://www.wikidata.org/wiki/Q184530
GiovanFrancescoCaroto,http://www.wikidata.org/entity/Q966586
VittoreCarpaccio,http://www.wikidata.org/entity/Q5581
UgoDaCarpi,http://www.wikidata.org/entity/Q1967967
AgostinoCarracci,http://www.wikidata.org/entity/Q316269
AnnibaleCarracci,http://www.wikidata.org/entity/Q7824
AntonioCarracci,http://www.wikidata.org/entity/Q2624075
LodovicoCarracci,http://www.wikidata.org/entity/Q380553
JacopoDiCasentino,http://www.wikidata.org/entity/Q2723390
AlessandroCasolani,http://www.wikidata.org/entity/Q461700
Cassandre,https://www.wikidata.org/wiki/Q11912953
Cassiodore,https://www.wikidata.org/wiki/Q192365
DionCassius,https://www.wikidata.org/wiki/Q185223
AndreaDelCastagno,http://www.wikidata.org/entity/Q240737
GiambattistaCastaldo,https://www.wikidata.org/wiki/Q126895
BernardoCastello,http://www.wikidata.org/entity/Q2345205
GiovanniBattistaCastello,http://www.wikidata.org/entity/Q723221
BaldassareCastiglione,http://www.wikidata.org/entity/Q211133
GiovanniBenedettoCastiglione,http://www.wikidata.org/entity/Q40823
Castor,https://www.wikidata.org/wiki/Q190103
PietroCataneo,http://www.wikidata.org/entity/Q970999
SainteCatherine,https://www.wikidata.org/wiki/Q179718
MarcusPorciusCato,https://www.wikidata.org/wiki/Q180081
CatonUtique,https://www.wikidata.org/wiki/Q193506
DaneseCattaneo,http://www.wikidata.org/entity/Q1080223
Catule,https://www.wikidata.org/wiki/Q163079
GiovanniBattistaDeCavalieri,http://www.wikidata.org/entity/Q5563765
PietroCavallini,http://www.wikidata.org/entity/Q316009
GiacomoCavedone,http://www.wikidata.org/entity/Q2704031
PierreDeCazeneuve,https://www.wikidata.org/wiki/Q3387491
Cain,https://www.wikidata.org/wiki/Q205365
Cecrops,https://www.wikidata.org/wiki/Q500739
BenvenutoCellini,http://www.wikidata.org/entity/Q190116
AulusCorneliusCelsus,https://www.wikidata.org/wiki/Q312420
Censorin,https://www.wikidata.org/wiki/Q707449
MarcelII,https://www.wikidata.org/wiki/Q101776
JulesCesar,https://www.wikidata.org/wiki/Q1048
GiuseppeCesari,http://www.wikidata.org/entity/Q933026
CesareCesariano,http://www.wikidata.org/entity/Q935752
AlonsoChacon,http://www.wikidata.org/entity/Q661419
Chalcidius,https://www.wikidata.org/wiki/Q729244
JeanChalette,http://www.wikidata.org/entity/Q3171196
JeanBaptisteDeChampaigne,http://www.wikidata.org/entity/Q3164509
PhilippeDeChampaigne,http://www.wikidata.org/entity/Q314814
NicolasChaperon,http://www.wikidata.org/entity/Q2476960
Charites,https://www.wikidata.org/wiki/Q184353
Charlemagne,https://www.wikidata.org/wiki/Q3044
CharlesIX,https://www.wikidata.org/wiki/Q134309
CharlesVIII,https://www.wikidata.org/wiki/Q134452
Chersiphron,https://www.wikidata.org/wiki/Q1070392
AgostinoChigi,https://www.wikidata.org/wiki/Q395635
Childebert,https://www.wikidata.org/wiki/Q212852
SaintChristophe,https://www.wikidata.org/wiki/Q193507
Ciceron,https://www.wikidata.org/wiki/Q1541
CimaDaConegliano,http://www.wikidata.org/entity/Q8453
Cimabue,http://www.wikidata.org/entity/Q15790
BartolomeoCincani,http://www.wikidata.org/entity/Q809507
GirolamoCiocca,https://www.wikidata.org/wiki/Q89808768
AntonioMariaCiocchiDelMonte,https://www.wikidata.org/wiki/Q2517851
JulesIII,https://www.wikidata.org/wiki/Q169911
ValerioDiSimoneCioli,http://www.wikidata.org/entity/Q2257363
Orcagna,http://www.wikidata.org/entity/Q366499
NiccoloCircignani,http://www.wikidata.org/entity/Q382762
VincenzoCiverchio,http://www.wikidata.org/entity/Q3559930
MatteoDiGiovanniCivitali,http://www.wikidata.org/entity/Q1909372
GiovanniBattistaClarici,http://www.wikidata.org/entity/Q24887950
JoosVanCleve,http://www.wikidata.org/entity/Q153472
GiulioClovio,http://www.wikidata.org/entity/Q281219
Clovis,https://www.wikidata.org/wiki/Q82339
Cleanthe,https://www.wikidata.org/wiki/Q11914067
Clelie,https://www.wikidata.org/wiki/Q868015
CimonDeCleones,https://www.wikidata.org/wiki/Q5120160
Cleopatre,https://www.wikidata.org/wiki/Q635
Anfione,https://www.wikidata.org/wiki/Q3616665
HieronymusCock,http://www.wikidata.org/entity/Q640361
HoratiusCocles,https://www.wikidata.org/wiki/Q1115859
BenedettoCoda,http://www.wikidata.org/entity/Q327706
MaykenCoecke,https://www.wikidata.org/wiki/Q28567978
PieterCoeckeVanAelst,http://www.wikidata.org/entity/Q434006
EdouardColbertVillacerf,https://www.wikidata.org/wiki/Q3579778
JeanJulesArmandColbert,https://www.wikidata.org/wiki/Q3166555
JeanBaptisteColbert,https://www.wikidata.org/wiki/Q188971
AdriaenCollaert,http://www.wikidata.org/entity/Q2825010
RaffaellinoDelColle,http://www.wikidata.org/entity/Q1323835
ChristopheColomb,https://www.wikidata.org/wiki/Q7322
FrancoisColombeDuLys,https://www.wikidata.org/wiki/Q105210094
MartinV,https://www.wikidata.org/wiki/Q169612
PompeoColonna,https://www.wikidata.org/wiki/Q176545
VittoriaColonna,https://www.wikidata.org/wiki/Q255368
DenysDeColophon,https://www.wikidata.org/wiki/Q11917274
Colote,https://www.wikidata.org/wiki/Q1234536
Columelle,https://www.wikidata.org/wiki/Q318317
GregorioComanini,https://www.wikidata.org/wiki/Q3776496
Commode,https://www.wikidata.org/wiki/Q1434
DomenicoCompagni,http://www.wikidata.org/entity/Q51574250
AscanioCondivi,https://www.wikidata.org/wiki/Q721545
EugeneIV,https://www.wikidata.org/wiki/Q167561
ConstanceII,https://www.wikidata.org/wiki/Q46418
Constant,https://www.wikidata.org/wiki/Q185538
ConstantII,https://www.wikidata.org/wiki/Q41613
Constantin,https://www.wikidata.org/wiki/Q8413
ConstantinV,https://www.wikidata.org/wiki/Q41635
ConstantinVI,https://www.wikidata.org/wiki/Q41661
SainteConstance,https://www.wikidata.org/wiki/Q464452
LazareDeConstantinople,https://www.wikidata.org/wiki/Q2567661
NataleConti,https://www.wikidata.org/wiki/Q328186
AntonioDaSangalloIlGiovane,http://www.wikidata.org/entity/Q357276
Cleophante,https://www.wikidata.org/wiki/Q11914094
DemarateDeCorinthe,https://www.wikidata.org/wiki/Q458754
AlviseCornaro,http://www.wikidata.org/entity/Q389140
MichelCorneille,http://www.wikidata.org/entity/Q2613210
PierreCorneille,http://www.wikidata.org/entity/Q747
CornelisVanHaarlem,http://www.wikidata.org/entity/Q442484
LucasCornelisz,http://www.wikidata.org/entity/Q6696121
CornelisCort,http://www.wikidata.org/entity/Q167220
PierreDeCortone,http://www.wikidata.org/entity/Q333323
HernanCortes,https://www.wikidata.org/wiki/Q7326
MatthiasCorvin,https://www.wikidata.org/wiki/Q188634
PieroDiCosimo,http://www.wikidata.org/entity/Q280851
SilvioCosini,http://www.wikidata.org/entity/Q3960853
LorenzoCosta,http://www.wikidata.org/entity/Q357807
JeanICotelle,http://www.wikidata.org/entity/Q51463250
FrancisCottington,https://www.wikidata.org/wiki/Q5480626
JeanCousin,http://www.wikidata.org/entity/Q2610648
PierreCoustau,https://www.wikidata.org/wiki/Q16590303
MichelICoxie,http://www.wikidata.org/entity/Q937645
SimoneDeiCrocifissi,http://www.wikidata.org/entity/Q3484633
MilonDeCrotone,https://www.wikidata.org/wiki/Q338948
Cresus,https://www.wikidata.org/wiki/Q184462
Cupidon,https://www.wikidata.org/wiki/Q5011
LuciusPapiriusCursor,https://www.wikidata.org/wiki/Q465309
InnocentVIII,https://www.wikidata.org/wiki/Q161351
Cybele,https://www.wikidata.org/wiki/Q188236
Cyllare,https://www.wikidata.org/wiki/Q3676711
Theodoret,https://www.wikidata.org/wiki/Q317029
CyrusII,https://www.wikidata.org/wiki/Q8423
SainteCecile,https://www.wikidata.org/wiki/Q80513
Ceres,https://www.wikidata.org/wiki/Q32102
EusebeDeCesaree,https://www.wikidata.org/wiki/Q142999
SaintFidele,https://www.wikidata.org/wiki/Q603655
BattistaDelMoro,http://www.wikidata.org/entity/Q2891762
CharlesDAlbertDAilly,https://www.wikidata.org/wiki/Q2960494
DemetriosAlopece,https://www.wikidata.org/wiki/Q5255305
GeorgesDAmboise,https://www.wikidata.org/wiki/Q729743
CarloLuigiDAragonaTagliava,https://www.wikidata.org/wiki/Q3659979
TigraneLeGrand,https://www.wikidata.org/wiki/Q201303
AlbertVII,https://www.wikidata.org/wiki/Q311452
AnneDAutriche,https://www.wikidata.org/wiki/Q151209
MarieThereseDAutriche,https://www.wikidata.org/wiki/Q152549
CatherineDAutriche,https://www.wikidata.org/wiki/Q237737
CatherineMichelleDAutriche,https://www.wikidata.org/wiki/Q233187
ErnestDAutriche,https://www.wikidata.org/wiki/Q327156
DonJuanDAutriche,https://www.wikidata.org/wiki/Q157107
MarieDAutriche,https://www.wikidata.org/wiki/Q157077
CharlesIIEspagne,https://www.wikidata.org/wiki/Q36174
PhilippeIV,https://www.wikidata.org/wiki/Q691402
HerculeIIEste,https://www.wikidata.org/wiki/Q1348702
BeatriceDEste,https://www.wikidata.org/wiki/Q813280
GabrielleDEstrees,https://www.wikidata.org/wiki/Q234911
GuillaumeInspruck,https://www.wikidata.org/wiki/Q24950852
MarcoDOggiono,http://www.wikidata.org/entity/Q982274
MichelinoDaBesozzo,http://www.wikidata.org/entity/Q2517498
PieroDaVinci,https://www.wikidata.org/wiki/Q371916
Dagobert,https://www.wikidata.org/wiki/Q109860
Dagon,https://www.wikidata.org/wiki/Q623065
GaspardDeDaillonDuLude,https://www.wikidata.org/wiki/Q3098816
LippoDalmasio,http://www.wikidata.org/entity/Q2009694
Danae,https://www.wikidata.org/wiki/Q190582
PellegrinoDaSanDaniele,http://www.wikidata.org/entity/Q732082
IgnazioDanti,https://www.wikidata.org/wiki/Q948226
JeanDaret,http://www.wikidata.org/entity/Q3171555
PierreDaret,http://www.wikidata.org/entity/Q2093368
DariusIII,https://www.wikidata.org/wiki/Q102865
Dathan,https://www.wikidata.org/wiki/Q2238834
CarloDati,http://www.wikidata.org/entity/Q3659787
David,https://www.wikidata.org/wiki/Q41370
CharlesIIBourbon,https://www.wikidata.org/wiki/Q2959407
CleantheDeCorinthe,https://www.wikidata.org/wiki/Q43315
Iaia,https://www.wikidata.org/wiki/Q537177
PhilippeDeFrance,https://www.wikidata.org/wiki/Q296555
CharlesIIFrancois,https://www.wikidata.org/wiki/Q156400
CornelisVanHeem,http://www.wikidata.org/entity/Q1133621
JuanDeHerreraDeMaliano,http://www.wikidata.org/entity/Q363914
Idomenee,https://www.wikidata.org/wiki/Q648287
ChristineDeLorraine,https://www.wikidata.org/wiki/Q257579
DorotheeDeLorraine,https://www.wikidata.org/wiki/Q20036771
SaintAmbroise,https://www.wikidata.org/wiki/Q43689
Nostradamus,https://www.wikidata.org/wiki/Q39978
DemetriosDePhalere,https://www.wikidata.org/wiki/Q313286
FredericArmandDeSchomberg,https://www.wikidata.org/wiki/Q61718
InnocentIII,https://www.wikidata.org/wiki/Q128076
AnselmedeCantorbery,https://www.wikidata.org/wiki/Q43939
FrancescoDelGiocondo,https://www.wikidata.org/wiki/Q1395822
GervaisDelabarre,https://www.wikidata.org/wiki/Q21034166
EtienneDelaune,http://www.wikidata.org/entity/Q2114093
WillemJacobszDelff,http://www.wikidata.org/entity/Q807808
ScipioneDelfinone,https://www.wikidata.org/wiki/Q3952399
StefanoDellaBella,http://www.wikidata.org/entity/Q921242
SixteIV,https://www.wikidata.org/wiki/Q163514
FrancoisMarieDellaRovere,https://www.wikidata.org/wiki/Q555015
JulesII,https://www.wikidata.org/wiki/Q80516
GuidobaldoIIDellaRovere,https://www.wikidata.org/wiki/Q1397788
MicheleDellaTorre,https://www.wikidata.org/wiki/Q981277
GiovanniDelleCorniole,http://www.wikidata.org/entity/Q19569735
MarcoDente,http://www.wikidata.org/entity/Q712750
ClaudeDeruet,http://www.wikidata.org/entity/Q355563
GirardDesargues,http://www.wikidata.org/entity/Q152817
ReneDescartes,https://www.wikidata.org/wiki/Q9191
Deucalion,https://www.wikidata.org/wiki/Q207715
Bramante,http://www.wikidata.org/entity/Q7793
ArnolfoDiLapo,http://www.wikidata.org/entity/Q315249
BenedettoDiada,http://www.wikidata.org/entity/Q3638104
Diane,https://www.wikidata.org/wiki/Q132543
DidierDeLombardie,https://www.wikidata.org/wiki/Q297520
Didon,https://www.wikidata.org/wiki/Q905162
AbrahamJanszVanDiepenbeeck,http://www.wikidata.org/entity/Q330854
Dieu,https://www.wikidata.org/wiki/Q190
Dinias,https://www.wikidata.org/wiki/Q11917928
Dinocrate,https://www.wikidata.org/wiki/Q471762
Diocletien,https://www.wikidata.org/wiki/Q43107
DiodoreDeSicile,https://www.wikidata.org/wiki/Q171241
Dioscoride,https://www.wikidata.org/wiki/Q297776
Discordia,https://www.wikidata.org/wiki/Q3030152
LudovicoDolce,https://www.wikidata.org/wiki/Q1867806
Dominiquin,http://www.wikidata.org/entity/Q320118
Domitien,https://www.wikidata.org/wiki/Q1423
Donatello,http://www.wikidata.org/entity/Q37562
Mastelletta,http://www.wikidata.org/entity/Q547109
IppolitoDonesmondi,https://www.wikidata.org/wiki/Q22054594
AgnoloDoni,https://www.wikidata.org/wiki/Q26791760
AntonFrancescoDoni,https://www.wikidata.org/wiki/Q601844
MaddalenaDoni,https://www.wikidata.org/wiki/Q95651342
AndreaDoria,https://www.wikidata.org/wiki/Q156521
CharlesDorigny,http://www.wikidata.org/entity/Q2958932
MichelDorigny,http://www.wikidata.org/entity/Q3309511
BattistaDossi,http://www.wikidata.org/entity/Q2706669
DossoDossi,http://www.wikidata.org/entity/Q356777
GerritDou,http://www.wikidata.org/entity/Q335927
BernardoDoviziDaBibbiena,https://www.wikidata.org/wiki/Q823002
MarcusLiviusDrusus,https://www.wikidata.org/wiki/Q703346
Claude,https://www.wikidata.org/wiki/Q1411
FrancoisDuQuesnoy,http://www.wikidata.org/entity/Q960381
AmbroiseDubois,http://www.wikidata.org/entity/Q2415583
ToussaintDubreuil,http://www.wikidata.org/entity/Q386127
JacquesDubroeucq,http://www.wikidata.org/entity/Q3087528
CharlotteDuchesne,https://www.wikidata.org/wiki/Q115779510
NicolasDuchesne,http://www.wikidata.org/entity/Q97696303
AnneMarieDughet,https://www.wikidata.org/wiki/Q108679856
GaspardDughet,http://www.wikidata.org/entity/Q741375
HeleneDuglioli,https://www.wikidata.org/wiki/Q18288245
ReneDuguay,https://www.wikidata.org/wiki/Q552766
KarelDujardin,http://www.wikidata.org/entity/Q719666
GuillaumeDumee,http://www.wikidata.org/entity/Q16640510
EtienneDuperac,http://www.wikidata.org/entity/Q289626
AntoineDurand,http://www.wikidata.org/entity/Q105112330
VanDyck,http://www.wikidata.org/entity/Q150679
Dedale,https://www.wikidata.org/wiki/Q134756
Dejanire,https://www.wikidata.org/wiki/Q272000
Deioces,https://www.wikidata.org/wiki/Q332578
Democrite,https://www.wikidata.org/wiki/Q41980
AlbrechtDurer,http://www.wikidata.org/entity/Q5580
AlbrechtDurerElder,http://www.wikidata.org/entity/Q535910
Echion,https://www.wikidata.org/wiki/Q508886
JustusVanEgmont,http://www.wikidata.org/entity/Q1034140
Eleazar,https://www.wikidata.org/wiki/Q159443
Eleusis,https://www.wikidata.org/wiki/Q27924383
Elie,https://www.wikidata.org/wiki/Q133507
Elisee,https://www.wikidata.org/wiki/Q206238
FerdinandElle,http://www.wikidata.org/entity/Q3068556
AdamElsheimer,http://www.wikidata.org/entity/Q310285
PaulEmile,https://www.wikidata.org/wiki/Q432244
RodolpheII,https://www.wikidata.org/wiki/Q150586
Empedocle,https://www.wikidata.org/wiki/Q83375
QuintusEnnius,https://www.wikidata.org/wiki/Q47130
Enee,https://www.wikidata.org/wiki/Q82732
Epicarme,https://www.wikidata.org/wiki/Q312410
Epicure,https://www.wikidata.org/wiki/Q43216
AntiochosIV,https://www.wikidata.org/wiki/Q3356
MarioEquicola,http://www.wikidata.org/entity/Q3848545
Erostrate,https://www.wikidata.org/wiki/Q244944
CharlesErrard,http://www.wikidata.org/entity/Q706960
JeanErrard,http://www.wikidata.org/entity/Q1387082
Eschyle,https://www.wikidata.org/wiki/Q40939
CharlesDEscoubleau,https://www.wikidata.org/wiki/Q55772534
Esope,https://www.wikidata.org/wiki/Q43423
AlphonseIEste,https://www.wikidata.org/wiki/Q188346
HippolyteIIEste,https://www.wikidata.org/wiki/Q554296
LioneldEste,https://www.wikidata.org/wiki/Q1379797
Euclide,https://www.wikidata.org/wiki/Q8747
Eudoxie,https://www.wikidata.org/wiki/Q576354
Eumarus,https://www.wikidata.org/wiki/Q9256152
Euphorbe,https://www.wikidata.org/wiki/Q599489
Euphranor,https://www.wikidata.org/wiki/Q949770
Eupompe,https://www.wikidata.org/wiki/Q366604
Euripide,https://www.wikidata.org/wiki/Q48305
PrincesseEurope,https://www.wikidata.org/wiki/Q165170
Euryale,https://www.wikidata.org/wiki/Q836140
Eurydice,https://www.wikidata.org/wiki/Q208588
Eve,https://www.wikidata.org/wiki/Q830183
Evenor,https://www.wikidata.org/wiki/Q11921357
VanEyck,http://www.wikidata.org/entity/Q102272
Ezechiel,https://www.wikidata.org/wiki/Q194064
QuintusFabiusMaximusVerrucosus,https://www.wikidata.org/wiki/Q274545
GentileDaFabriano,http://www.wikidata.org/entity/Q312393
PietroFacchetti,http://www.wikidata.org/entity/Q3388115
Filarete,http://www.wikidata.org/entity/Q449961
GiacomoFantoni,http://www.wikidata.org/entity/Q6119969
PaoloFarinati,http://www.wikidata.org/entity/Q367287
PaulIII,https://www.wikidata.org/wiki/Q133001
AlessandroFarneseIlGiovane,https://www.wikidata.org/wiki/Q248459
AlexandreFarnese,https://www.wikidata.org/wiki/Q312903
EdouardFarnese,https://www.wikidata.org/wiki/Q2542756
CleliaFarnese,https://www.wikidata.org/wiki/Q2978781
OttavioFarnese,https://www.wikidata.org/wiki/Q442497
RanuccioIFarnese,https://www.wikidata.org/wiki/Q544873
JeanBaptisteDeFaudran,http://www.wikidata.org/entity/Q50278363
Fauna,https://www.wikidata.org/wiki/Q1042300
Fauno,https://www.wikidata.org/wiki/Q223194
Faunus,https://www.wikidata.org/wiki/Q3089703
AndreaFeltrini,http://www.wikidata.org/entity/Q2846439
FerdinandAutriche,https://www.wikidata.org/wiki/Q559041
FerdinandII,https://www.wikidata.org/wiki/Q12860
FabrizioFerrari,https://www.wikidata.org/wiki/Q88099562
FilippoFerrari,https://www.wikidata.org/wiki/Q3071889
Gaudenzio,http://www.wikidata.org/entity/Q734108
FrancescoFerrucci,http://www.wikidata.org/entity/Q3750862
MarsileFicin,https://www.wikidata.org/wiki/Q192374
MinoDaFiesole,http://www.wikidata.org/entity/Q477441
GaspardDeFieubet,https://www.wikidata.org/wiki/Q55772421
AmbrogioFigino,http://www.wikidata.org/entity/Q1525712
MasoFiniguerra,http://www.wikidata.org/entity/Q630165
JacobelloDelFiore,http://www.wikidata.org/entity/Q2634352
StefanoFiorentino,http://www.wikidata.org/entity/Q1093544
MaturinoFiorentino,http://www.wikidata.org/entity/Q2606874
Baroccio,http://www.wikidata.org/entity/Q316731
NicolasFlamel,https://www.wikidata.org/wiki/Q213330
FlaminioVacca,http://www.wikidata.org/entity/Q527235
Flore,https://www.wikidata.org/wiki/Q209644
FransFlorisI,http://www.wikidata.org/entity/Q543948
RobertFludd,https://www.wikidata.org/wiki/Q453697
EspritFlechier,https://www.wikidata.org/wiki/Q1368429
LouisDeFoix,http://www.wikidata.org/entity/Q124866947
AnnibaleFontana,http://www.wikidata.org/entity/Q3618059
DomenicoFontana,http://www.wikidata.org/entity/Q336806
LaviniaFontana,http://www.wikidata.org/entity/Q236050
NiccoloTartaglia,https://www.wikidata.org/wiki/Q201543
ProsperoFontana,http://www.wikidata.org/entity/Q460751
Caradosso,http://www.wikidata.org/entity/Q744092
VincenzoFoppa,http://www.wikidata.org/entity/Q222923
Fortuna,https://www.wikidata.org/wiki/Q4654
BasileFouquet,https://www.wikidata.org/wiki/Q13510947
NicolasFouquet,https://www.wikidata.org/wiki/Q312794
JacquesFouquieres,http://www.wikidata.org/entity/Q327364
HeleneFourment,https://www.wikidata.org/wiki/Q1965732
MargueriteDeFrance,https://www.wikidata.org/wiki/Q235835
CharlesV,https://www.wikidata.org/wiki/Q167782
CharlesVI,https://www.wikidata.org/wiki/Q160349
CharlesVII,https://www.wikidata.org/wiki/Q133372
ChristineDeFrance,https://www.wikidata.org/wiki/Q1083398
FrancoisIer,https://www.wikidata.org/wiki/Q129857
HenrietteMarieDeFrance,https://www.wikidata.org/wiki/Q848615
ElisabethDeFrance,https://www.wikidata.org/wiki/Q176041
LouisDeFrance,https://www.wikidata.org/wiki/Q784173
PieroDellaFrancesca,http://www.wikidata.org/entity/Q5822
FrancescoFrancia,http://www.wikidata.org/entity/Q260057
BattistaFranco,http://www.wikidata.org/entity/Q976786
FrancoisII,https://www.wikidata.org/wiki/Q132548
ClaudeFrancois,http://www.wikidata.org/entity/Q2977396
FrancoisDerand,http://www.wikidata.org/entity/Q3084427
SimonFrancois,http://www.wikidata.org/entity/Q7518780
MartinFreminet,http://www.wikidata.org/entity/Q347902
MedericFreminet,https://www.wikidata.org/wiki/Q16665770
RolandFreartDeChambray,http://www.wikidata.org/entity/Q2739285
PaulFreartDeChantelou,http://www.wikidata.org/entity/Q3371258
AmbroiseFredeau,http://www.wikidata.org/entity/Q18042167
MartinFumee,https://www.wikidata.org/wiki/Q3295428
MarcusFuriusCamillus,https://www.wikidata.org/wiki/Q294862
AndreFelibien,http://www.wikidata.org/entity/Q518705
Feronie,https://www.wikidata.org/wiki/Q1407528
AgnoloGaddi,http://www.wikidata.org/entity/Q363296
GaddoGaddi,http://www.wikidata.org/entity/Q729041
NiccoloGaddi,https://www.wikidata.org/wiki/Q56248303
TaddeoGaddi,http://www.wikidata.org/entity/Q315835
GaiusFabiusPictor,https://www.wikidata.org/wiki/Q731587
Galatee,https://www.wikidata.org/wiki/Q241070
ClaudeGalien,https://www.wikidata.org/wiki/Q8778
FedeGalizia,http://www.wikidata.org/entity/Q2428749
NunzioGalizia,https://www.wikidata.org/wiki/Q3346449
CornelisGalleI,http://www.wikidata.org/entity/Q869133
PhilipGalle,http://www.wikidata.org/entity/Q1379395
VulcatiusGallicanus,https://www.wikidata.org/wiki/Q1243321
Gallien,https://www.wikidata.org/wiki/Q104475
QuintusRoscius,https://www.wikidata.org/wiki/Q1077925
Ganymede,https://www.wikidata.org/wiki/Q131588
Garofalo,http://www.wikidata.org/entity/Q728512
LucasGassel,http://www.wikidata.org/entity/Q1873074
GastonDeFrance,https://www.wikidata.org/wiki/Q644635
BernardinoGatti,http://www.wikidata.org/entity/Q822909
PomponioGaurico,http://www.wikidata.org/entity/Q205847
LelioGavardo,https://www.wikidata.org/wiki/Q110163224
GeorgGeldorp,http://www.wikidata.org/entity/Q1504435
ClaudeLorrain,http://www.wikidata.org/entity/Q214074
Geminos,https://www.wikidata.org/wiki/Q379987
BartolomeoGenga,http://www.wikidata.org/entity/Q601390
GirolamoGenga,http://www.wikidata.org/entity/Q920115
Genseric,https://www.wikidata.org/wiki/Q152127
ArtemisiaGentileschi,http://www.wikidata.org/entity/Q212657
AntonioDaFaenza,http://www.wikidata.org/entity/Q21282288
BalthazarGerbier,http://www.wikidata.org/entity/Q2462938
Germanicus,https://www.wikidata.org/wiki/Q191039
ConradGessner,http://www.wikidata.org/entity/Q55191839
ConsiglioGherardi,http://www.wikidata.org/entity/Q1660326
MonaLisa,https://www.wikidata.org/wiki/Q153032
LorenzoGhiberti,http://www.wikidata.org/entity/Q208125
GirolamoGhilini,https://www.wikidata.org/wiki/Q22789845
BenedettoGhirlandaio,http://www.wikidata.org/entity/Q2554861
DavideGhirlandaio,http://www.wikidata.org/entity/Q1145811
DomenicoGhirlandaio,http://www.wikidata.org/entity/Q191423
RidolfoDelGhirlandaio,http://www.wikidata.org/entity/Q64881
GiorgioGhisi,http://www.wikidata.org/entity/Q1010603
PieV,https://www.wikidata.org/wiki/Q131945
GianelloTorriani,http://www.wikidata.org/entity/Q1388187
GiovanniAndreaGiliodaFabriano,https://www.wikidata.org/wiki/Q21479080
GiovanniGiocondo,http://www.wikidata.org/entity/Q336806
Giorgione,http://www.wikidata.org/entity/Q8459
Giotto,http://www.wikidata.org/entity/Q7814
AgostinoDiGiovanni,http://www.wikidata.org/entity/Q395759
BertoldoDiGiovanni,http://www.wikidata.org/entity/Q828363
DarioDiGiovanni,http://www.wikidata.org/entity/Q3702686
GiovanniMariaFalconetto,http://www.wikidata.org/entity/Q1071025
PaoloGiovio,https://www.wikidata.org/wiki/Q437543
GirolamoMacchietti,http://www.wikidata.org/entity/Q350028
DanielGittard,http://www.wikidata.org/entity/Q3014096
FrancescoGiuntini,https://www.wikidata.org/wiki/Q3080974
BenedettoGiustiniani,https://www.wikidata.org/wiki/Q1079785
PompeoGiustiniani,https://www.wikidata.org/wiki/Q3907872
VincenzoGiustiniani,https://www.wikidata.org/wiki/Q1396468
AntoineGodeau,https://www.wikidata.org/wiki/Q586272
Goliath,https://www.wikidata.org/wiki/Q192785
HendrickGoltzius,http://www.wikidata.org/entity/Q165367
HubertusGoltzius,http://www.wikidata.org/entity/Q1866375
JeromeDeGondi,https://www.wikidata.org/wiki/Q23000804
EleonoreGonzague,https://www.wikidata.org/wiki/Q237940
FrancoisIIGonzague,https://www.wikidata.org/wiki/Q715191
HerculeGonzague,https://www.wikidata.org/wiki/Q2631018
LouisIIIMantoue,https://www.wikidata.org/wiki/Q969770
LouisGonzague,https://www.wikidata.org/wiki/Q969113
Gordien,https://www.wikidata.org/wiki/Q1782
JanGossaert,http://www.wikidata.org/entity/Q346952
ClementV,https://www.wikidata.org/wiki/Q131463
HendrickGoudt,http://www.wikidata.org/entity/Q2101519
JeanGoujon,http://www.wikidata.org/entity/Q551643
CaiusGracchus,https://www.wikidata.org/wiki/Q297183
AntivedutoGramatica,http://www.wikidata.org/entity/Q2565172
FestusGrammaticus,https://www.wikidata.org/wiki/Q302723
SaintAntoine,https://www.wikidata.org/wiki/Q170547
GregoireII,https://www.wikidata.org/wiki/Q103321
GregoireXV,https://www.wikidata.org/wiki/Q132692
MatthausGreuter,http://www.wikidata.org/entity/Q3299661
LodovicoGrignani,https://www.wikidata.org/wiki/Q55228486
GiovanniGrimani,https://www.wikidata.org/wiki/Q3767436
MarinoGrimani,https://www.wikidata.org/wiki/Q746707
AndreaGritti,https://www.wikidata.org/wiki/Q345506
GerardDeGroesbeek,https://www.wikidata.org/wiki/Q707093
GregoireLeGrand,https://www.wikidata.org/wiki/Q42827
GregoireX,https://www.wikidata.org/wiki/Q161740
MatthiasGrunewald,http://www.wikidata.org/entity/Q154338
LouisIDuGuernier,http://www.wikidata.org/entity/Q19756117
RaffaelloGuidi,http://www.wikidata.org/entity/Q134451263
LelioGuidiccioni,https://www.wikidata.org/wiki/Q56006638
Guide,http://www.wikidata.org/entity/Q109061
PaoloGuidotti,http://www.wikidata.org/entity/Q3894144
EtienneGuillery,https://www.wikidata.org/wiki/Q86708768
MarieDeGuise,https://www.wikidata.org/wiki/Q1464798
FrancoisGuy,http://www.wikidata.org/entity/Q3121786
DiegoMaxiaFelipezDeGuzman,https://www.wikidata.org/wiki/Q691804
GasparDeGuzman,https://www.wikidata.org/wiki/Q371833
Gyges,https://www.wikidata.org/wiki/Q312537
NicomaqueGerase,https://www.wikidata.org/wiki/Q360366
MaximilienI,https://www.wikidata.org/wiki/Q150726
AlbertDAutriche,https://www.wikidata.org/wiki/Q311452
LeopoldGuillaumeDeHabsbourg,https://www.wikidata.org/wiki/Q437295
PhilippeIer,https://www.wikidata.org/wiki/Q157098
Hadrien,https://www.wikidata.org/wiki/Q1427
DenysHalicarnasse,https://www.wikidata.org/wiki/Q26204
AdriaenHanneman,http://www.wikidata.org/entity/Q864279
JulesHardouinMansart,http://www.wikidata.org/entity/Q8053
AchilleDeHarlayDeSancy,https://www.wikidata.org/wiki/Q2748358
Hasdrubal,https://www.wikidata.org/wiki/Q311702
DenisDeLaHaye,https://www.wikidata.org/wiki/Q29638951
MaertenVanHeemskerck,http://www.wikidata.org/entity/Q538350
DanielHeinsius,https://www.wikidata.org/wiki/Q918731
JosephHeintz,http://www.wikidata.org/entity/Q535474
Helene,https://www.wikidata.org/wiki/Q164061
SainteHelene,https://www.wikidata.org/wiki/Q170164
JanSandersVanHemessen,http://www.wikidata.org/entity/Q427870
HenriIV,https://www.wikidata.org/wiki/Q936976
HenriVIII,https://www.wikidata.org/wiki/Q38370
HenriII,https://www.wikidata.org/wiki/Q132545
HenriIIDeNavarre,https://www.wikidata.org/wiki/Q317506
HenriIII,https://www.wikidata.org/wiki/Q53448
Hercule,https://www.wikidata.org/wiki/Q122248
Hermogene,https://www.wikidata.org/wiki/Q716811
HerodeI,https://www.wikidata.org/wiki/Q51672
Herse,https://www.wikidata.org/wiki/Q16641710
LouisHesselin,https://www.wikidata.org/wiki/Q3262184
Hippomene,https://www.wikidata.org/wiki/Q1455747
SaintAugustin,https://www.wikidata.org/wiki/Q8018
HieronII,https://www.wikidata.org/wiki/Q313675
JanVanDenHoecke,http://www.wikidata.org/entity/Q1349676
JacobHoefnagel,http://www.wikidata.org/entity/Q1389562
HansHolbeinDeElder,http://www.wikidata.org/entity/Q49987
HansHolbeinDeJonge,http://www.wikidata.org/entity/Q48319
Homere,https://www.wikidata.org/wiki/Q6691
GabrielHonnet,http://www.wikidata.org/entity/Q21406128
HonoreI,https://www.wikidata.org/wiki/Q170502
Hora,https://www.wikidata.org/wiki/Q3140425
Horace,https://www.wikidata.org/wiki/Q6197
Horapollon,https://www.wikidata.org/wiki/Q364379
GerritVanHonthorst,http://www.wikidata.org/entity/Q314548
Hyacinthe,https://www.wikidata.org/wiki/Q207273
CaiusJuliusHyginus,https://www.wikidata.org/wiki/Q298376
HyrcanII,https://www.wikidata.org/wiki/Q359684
Hecube,https://www.wikidata.org/wiki/Q193433
Hegesias,https://www.wikidata.org/wiki/Q174532
Heliodore,https://www.wikidata.org/wiki/Q1397528
Heliogabale,https://www.wikidata.org/wiki/Q1762
Henoch,https://www.wikidata.org/wiki/Q213027
Herodote,https://www.wikidata.org/wiki/Q26825
Hesiode,https://www.wikidata.org/wiki/Q44233
Icare,https://www.wikidata.org/wiki/Q34041
Ictinos,https://www.wikidata.org/wiki/Q311502
DariusI,https://www.wikidata.org/wiki/Q44387
FerdinandI,https://www.wikidata.org/wiki/Q150611
PyrrhusI,https://www.wikidata.org/wiki/Q172353
SeleucosI,https://www.wikidata.org/wiki/Q184176
XerxesI,https://www.wikidata.org/wiki/Q129165
FredericIPrusse,https://www.wikidata.org/wiki/Q151826
InnocenzoFrancucci,http://www.wikidata.org/entity/Q1350937
LuciusManliusCapitolinusImperiosus,https://www.wikidata.org/wiki/Q1215407
Inachos,https://www.wikidata.org/wiki/Q735623
Io,https://www.wikidata.org/wiki/Q179014
Iphigenie,https://www.wikidata.org/wiki/Q192673
Irene,https://www.wikidata.org/wiki/Q450528
IreneAthenienne,https://www.wikidata.org/wiki/Q206737
Isaac,https://www.wikidata.org/wiki/Q671872
Isaie,https://www.wikidata.org/wiki/Q188794
Judas,https://www.wikidata.org/wiki/Q81018
Isis,https://www.wikidata.org/wiki/Q79876
EverhardJabach,https://www.wikidata.org/wiki/Q103934
Jacob,https://www.wikidata.org/wiki/Q289957
JacquesIer,https://www.wikidata.org/wiki/Q79972
AbrahamJanssens,http://www.wikidata.org/entity/Q330139
Janus,https://www.wikidata.org/wiki/Q167685
Japet,https://www.wikidata.org/wiki/Q179543
SaintJean,https://www.wikidata.org/wiki/Q44015
Marie,https://www.wikidata.org/wiki/Q1420921
BernhardJobin,https://www.wikidata.org/wiki/Q2660980
PieterDeJodeI,http://www.wikidata.org/entity/Q724760
FrancoisDuJon,https://www.wikidata.org/wiki/Q2951068
Jonas,https://www.wikidata.org/wiki/Q2468262
JacobJordaens,http://www.wikidata.org/entity/Q270658
Joseph,https://www.wikidata.org/wiki/Q128267
FlaviusJosephe,https://www.wikidata.org/wiki/Q134461
Josue,https://www.wikidata.org/wiki/Q7734
FrancoisDeJoyeuse,https://www.wikidata.org/wiki/Q542804
AnneDeJoyeuse,https://www.wikidata.org/wiki/Q565927
JubaII,https://www.wikidata.org/wiki/Q315670
Judith,https://www.wikidata.org/wiki/Q26454627
JulienApostat,https://www.wikidata.org/wiki/Q33941
FranciscusJunius,http://www.wikidata.org/entity/Q2951068
Junon,https://www.wikidata.org/wiki/Q125046
Jupiter,https://www.wikidata.org/wiki/Q34201
Justinien,https://www.wikidata.org/wiki/Q41866
Jezabel,https://www.wikidata.org/wiki/Q721295
Kemoch,https://www.wikidata.org/wiki/Q1725600
JacquesKerver,https://www.wikidata.org/wiki/Q3159210
WillemKey,http://www.wikidata.org/entity/Q1827660
Kheops,https://www.wikidata.org/wiki/Q161904
Hippocrate,https://www.wikidata.org/wiki/Q5264
MelchiorIKusel,http://www.wikidata.org/entity/Q6812010
AngeGabriel,https://www.wikidata.org/wiki/Q81989
CharlesDeLAubespine,https://www.wikidata.org/wiki/Q1066583
PhilibertDelorme,http://www.wikidata.org/entity/Q440053
SainteMarieEgyptienne,https://www.wikidata.org/wiki/Q237583
LaurentDeLaHyre,http://www.wikidata.org/entity/Q59894
AntonioLabacco,http://www.wikidata.org/entity/Q2290168
Laban,https://www.wikidata.org/wiki/Q840401
MarcusAntistiusLabeo,https://www.wikidata.org/wiki/Q436034
CaiusLaelius,https://www.wikidata.org/wiki/Q706305
PieterVanLaer,http://www.wikidata.org/entity/Q576907
RaymondLafage,http://www.wikidata.org/entity/Q3420968
AntoineLafrery,http://www.wikidata.org/entity/Q602742
ChristineDeLalaing,https://www.wikidata.org/wiki/Q6762644
GeorgesLallemand,http://www.wikidata.org/entity/Q1508985
NicolasLambertDeThorigny,https://www.wikidata.org/wiki/Q95263801
AntoineLambin,https://www.wikidata.org/wiki/Q104133496
Lamech,https://www.wikidata.org/wiki/Q10921342
AlessandroLamo,https://www.wikidata.org/wiki/Q33137047
LamoralComteEgmont,https://www.wikidata.org/wiki/Q435844
AeliusLampridius,https://www.wikidata.org/wiki/Q833542
DominiqueLampsonius,http://www.wikidata.org/entity/Q1909526
CristoforoLandino,https://www.wikidata.org/wiki/Q711964
PaoloCamilloLandriani,http://www.wikidata.org/entity/Q3362607
GiovanniLanfranco,http://www.wikidata.org/entity/Q447730
NicolasLanglois,http://www.wikidata.org/entity/Q29436209
BernardinoLanino,http://www.wikidata.org/entity/Q2898897
Laocoon,https://www.wikidata.org/wiki/Q22878
PieterLastman,http://www.wikidata.org/entity/Q352864
TommasoLaureti,http://www.wikidata.org/entity/Q357886
HansSebaldLautensack,http://www.wikidata.org/entity/Q1392217
LazareDeBethanie,https://www.wikidata.org/wiki/Q539890
DiogeneLaerce,https://www.wikidata.org/wiki/Q59138
HoraceLeBlanc,http://www.wikidata.org/entity/Q3140456
CharlesLeBrun,http://www.wikidata.org/entity/Q271676
CharlesLeCointe,https://www.wikidata.org/wiki/Q2959599
PierreLeMoyne,https://www.wikidata.org/wiki/Q3385867
PierreLeMuet,http://www.wikidata.org/entity/Q951717
AntoineLePautre,http://www.wikidata.org/entity/Q345884
BernardusLePetit,http://www.wikidata.org/entity/Q41313706
AntoninLePieux,https://www.wikidata.org/wiki/Q1429
EustacheLeSueur,http://www.wikidata.org/entity/Q1378723
FrancoisLeVau,http://www.wikidata.org/entity/Q3085130
PhilippeLeBon,https://www.wikidata.org/wiki/Q239337
TeodoreLeLecteur,https://www.wikidata.org/wiki/Q920986
Leda,https://www.wikidata.org/wiki/Q182019
RemeeVanLeemput,http://www.wikidata.org/entity/Q18526282
JeanLemaire,http://www.wikidata.org/entity/Q212445
JacquesLemercier,http://www.wikidata.org/entity/Q708858
RobertdeLenoncourt,https://www.wikidata.org/wiki/Q1475239
LeonI,https://www.wikidata.org/wiki/Q43954
LeonVArmenien,https://www.wikidata.org/wiki/Q41641
LeoneLeoni,http://www.wikidata.org/entity/Q722092
PompeoLeoni,http://www.wikidata.org/entity/Q1858775
LeonXI,https://www.wikidata.org/wiki/Q132716
Lepide,https://www.wikidata.org/wiki/Q105452
HenriLerambert,http://www.wikidata.org/entity/Q15709386
PierreLescot,http://www.wikidata.org/entity/Q381724
ChristopheDeLestang,https://www.wikidata.org/wiki/Q2966521
Leucothoe,https://www.wikidata.org/wiki/Q339980
LucasVanLeyden,http://www.wikidata.org/entity/Q320980
LiberPater,https://www.wikidata.org/wiki/Q1145491
BernardinoLicinio,http://www.wikidata.org/entity/Q2629038
GiulioLicinio,http://www.wikidata.org/entity/Q2013006
Lucullus,https://www.wikidata.org/wiki/Q242819
PirroLigorio,http://www.wikidata.org/entity/Q736090
JacopoLigozzi,http://www.wikidata.org/entity/Q1337128
CharesDeLindos,https://www.wikidata.org/wiki/Q449057
FilippinoLippi,http://www.wikidata.org/entity/Q296265
FraFilippoLippi,http://www.wikidata.org/entity/Q205148
JoostLips,https://www.wikidata.org/wiki/Q315871
Liutprand,https://www.wikidata.org/wiki/Q251836
NicolasLoir,http://www.wikidata.org/entity/Q3340535
GiovanniPaoloLomazzo,http://www.wikidata.org/entity/Q982538
LambertLombard,http://www.wikidata.org/entity/Q983189
AlfonsoLombardi,http://www.wikidata.org/entity/Q1103494
CristoforoLombardo,http://www.wikidata.org/entity/Q60040609
GirolamoLombardo,http://www.wikidata.org/entity/Q3768939
OnorioLonghi,http://www.wikidata.org/entity/Q2024585
FranciscoLopezDeGomara,https://www.wikidata.org/wiki/Q721423
AngeloDiLorentino,http://www.wikidata.org/entity/Q3617296
AmbrogioLorenzetti,http://www.wikidata.org/entity/Q211562
PietroLorenzetti,http://www.wikidata.org/entity/Q309635
BattistaLorenzi,http://www.wikidata.org/entity/Q1525885
BuonaiutoLorini,https://www.wikidata.org/wiki/Q18945105
CharlesIIILorraine,https://www.wikidata.org/wiki/Q505040
Loth,https://www.wikidata.org/wiki/Q40574
LouisIX,https://www.wikidata.org/wiki/Q346
LouisXI,https://www.wikidata.org/wiki/Q8058
LouisXII,https://www.wikidata.org/wiki/Q58514
LouisXIII,https://www.wikidata.org/wiki/Q737533
LouisXIV,https://www.wikidata.org/wiki/Q7742
IgnaceDeLoyola,https://www.wikidata.org/wiki/Q44281
Lucifer,https://www.wikidata.org/wiki/Q35230
Apulee,https://www.wikidata.org/wiki/Q170512
Lucrece,https://www.wikidata.org/wiki/Q229432
Lorenzetto,http://www.wikidata.org/entity/Q1363951
LudovicoLudovisi,https://www.wikidata.org/wiki/Q707750
AurelioLuini,http://www.wikidata.org/entity/Q1071000
BernardinoLuini,http://www.wikidata.org/entity/Q8537
MargaritaLuti,https://www.wikidata.org/wiki/Q14798562
LorenzoLuzzo,http://www.wikidata.org/entity/Q2307438
Lycurgue,https://www.wikidata.org/wiki/Q211326
SaintGeorges,https://www.wikidata.org/wiki/Q48438
Lysandre,https://www.wikidata.org/wiki/Q143559
AndreLebre,http://www.wikidata.org/entity/Q28016969
Lea,https://www.wikidata.org/wiki/Q128847
Leochares,https://www.wikidata.org/wiki/Q323430
LeonIIIIsaurien,https://www.wikidata.org/wiki/Q31755
LeonIV,https://www.wikidata.org/wiki/Q228205
LeonIVKhazar,https://www.wikidata.org/wiki/Q41645
Levi,https://www.wikidata.org/wiki/Q215512
Macrobe,https://www.wikidata.org/wiki/Q3842165
LaodiceDeMacedoine,https://www.wikidata.org/wiki/Q446503
PhilippeIIMacedoine,https://www.wikidata.org/wiki/Q130650
CarloMaderno,http://www.wikidata.org/entity/Q122328
CristoforoMadruzzo,https://www.wikidata.org/wiki/Q683106
AlessandroMaganza,http://www.wikidata.org/entity/Q2623038
MarieMadeleine,https://www.wikidata.org/wiki/Q63070
GiovanniMaggi,http://www.wikidata.org/entity/Q21369214
Maggiore,http://www.wikidata.org/entity/Q18508239
SimonMagicien,https://www.wikidata.org/wiki/Q294795
Soliman,https://www.wikidata.org/wiki/Q8474
Mahomet,https://www.wikidata.org/wiki/Q9458
BenedettoDaMaiano,http://www.wikidata.org/entity/Q675619
EmmanuelMaignan,https://www.wikidata.org/wiki/Q3052782
BastianoMainardi,http://www.wikidata.org/entity/Q785254
IsaacMajor,http://www.wikidata.org/entity/Q21708176
HerculeMalatesta,https://www.wikidata.org/wiki/Q3731200
SigismondMalatesta,https://www.wikidata.org/wiki/Q506640
FrancoisDeMalherbe,https://www.wikidata.org/wiki/Q358574
ulan_500027513,http://www.wikidata.org/entity/Q1160847
CarloCesareMalvasia,https://www.wikidata.org/wiki/Q1160847
CarelVanMander,http://www.wikidata.org/entity/Q206173
BartolomeoManfredi,http://www.wikidata.org/entity/Q721166
FrancoisMansart,http://www.wikidata.org/entity/Q313701
GiovanniMansueti,http://www.wikidata.org/entity/Q347842
AndreaMantegna,http://www.wikidata.org/entity/Q5681
FredericIIMantoue,https://www.wikidata.org/wiki/Q932200
VincentIdeMantoue,https://www.wikidata.org/wiki/Q452580
RinaldoMantovano,http://www.wikidata.org/entity/Q3432160
DianaScultoriGhisi,http://www.wikidata.org/entity/Q3026163
GiovanniBattistaMantuano,http://www.wikidata.org/entity/Q3107069
AldoManuzio,https://www.wikidata.org/wiki/Q213220
CarloMaratti,http://www.wikidata.org/entity/Q538998
MarcAurele,https://www.wikidata.org/wiki/Q1430
PierreDeMarca,https://www.wikidata.org/wiki/Q2302035
MarcantonioDellaTorre,https://www.wikidata.org/wiki/Q1752847
MarcusClaudiusMarcellus,https://www.wikidata.org/wiki/Q312306
FrancescoMarchetti,https://www.wikidata.org/wiki/Q112483055
PietroMariaMarchetti,https://www.wikidata.org/wiki/Q55995634
GuillaumeMarcillat,http://www.wikidata.org/entity/Q1364424
GiambattistaMarino,https://www.wikidata.org/wiki/Q332489
CaiusMarius,https://www.wikidata.org/wiki/Q177975
MichelDeMarolles,https://www.wikidata.org/wiki/Q673168
SamuelMarolois,https://www.wikidata.org/wiki/Q3261976
Mars,https://www.wikidata.org/wiki/Q112
JeanMartin,http://www.wikidata.org/entity/Q2482957
SaintMartin,https://www.wikidata.org/wiki/Q133704
SaintMartine,https://www.wikidata.org/wiki/Q272101
Masaccio,http://www.wikidata.org/entity/Q5811
MasolinoDaPanicale,http://www.wikidata.org/entity/Q318117
GirolamoMassei,http://www.wikidata.org/entity/Q20735489
CamilloMassimi,https://www.wikidata.org/wiki/Q1081418
JacobMatham,http://www.wikidata.org/entity/Q577044
MicheleDiMatteo,http://www.wikidata.org/entity/Q6836872
SaintMatthieu,https://www.wikidata.org/wiki/Q43600
MatthijsBril,http://www.wikidata.org/entity/Q1908666
PierandreaMattioli,https://www.wikidata.org/wiki/Q457191
ClaudeMaugis,https://www.wikidata.org/wiki/Q95297348
SaintMaurice,https://www.wikidata.org/wiki/Q316599
Mausole,https://www.wikidata.org/wiki/Q296857
Maxence,https://www.wikidata.org/wiki/Q182070
MaximilienIDuc,https://www.wikidata.org/wiki/Q57206
JulesMazarin,https://www.wikidata.org/wiki/Q166056
GiovanniAmbrogioMazenta,http://www.wikidata.org/entity/Q3766382
GuidoMazenta,https://www.wikidata.org/wiki/Q108057281
Parmigianino,http://www.wikidata.org/entity/Q9348
GirolamoMazzolaBedoli,http://www.wikidata.org/entity/Q1527051
LudovicoMazzolino,http://www.wikidata.org/entity/Q1351631
GiuseppeMeda,http://www.wikidata.org/entity/Q3108095
EleonoraMedici,https://www.wikidata.org/wiki/Q1991420
PieIV,https://www.wikidata.org/wiki/Q161983
FerdinandIDeMedicis,https://www.wikidata.org/wiki/Q297483
LeonX,https://www.wikidata.org/wiki/Q49237
Medee,https://www.wikidata.org/wiki/Q174278
MehmedII,https://www.wikidata.org/wiki/Q34503
PomponiusMela,https://www.wikidata.org/wiki/Q297515
Melanthius,https://www.wikidata.org/wiki/Q5655448
ClaudeMellan,http://www.wikidata.org/entity/Q1274026
FranciscoDeMelo,https://www.wikidata.org/wiki/Q252902
FrancescoMelzi,http://www.wikidata.org/entity/Q469379
LippoMemmi,http://www.wikidata.org/entity/Q504963
SimoneMemmi,http://www.wikidata.org/entity/Q221043
Memnon,https://www.wikidata.org/wiki/Q506781
Menecmo,https://www.wikidata.org/wiki/Q451566
AlessandroMenganti,https://www.wikidata.org/wiki/Q64577318
FrancescoMerano,http://www.wikidata.org/entity/Q3081022
Mercure,https://www.wikidata.org/wiki/Q1150
GirolamoMercuriale,https://www.wikidata.org/wiki/Q980560
ManiusValeriusMaximusCorvinusMessalla,https://www.wikidata.org/wiki/Q715220
AntonelloDeMessine,http://www.wikidata.org/entity/Q5594
Metagenes,https://www.wikidata.org/wiki/Q862593
MethodiusI,https://www.wikidata.org/wiki/Q1256661
Metion,https://www.wikidata.org/wiki/Q591842
QuintenMetsys,http://www.wikidata.org/entity/Q314275
SaintMichel,https://www.wikidata.org/wiki/Q45581
MichelIRhangabe,https://www.wikidata.org/wiki/Q41652
MichelIIAmorien,https://www.wikidata.org/wiki/Q41640
Michelozzo,http://www.wikidata.org/entity/Q309736
PierreBourdelot,https://www.wikidata.org/wiki/Q463469
Micon,https://www.wikidata.org/wiki/Q1387790
Midas,https://www.wikidata.org/wiki/Q308398
MichielJanszVanMiereveld,http://www.wikidata.org/entity/Q864092
FransVanMieris,http://www.wikidata.org/entity/Q959236
NicholasMignard,http://www.wikidata.org/entity/Q2555178
PierreMignard,http://www.wikidata.org/entity/Q360010
PierreIIMignard,http://www.wikidata.org/entity/Q3385503
Ambroise,https://www.wikidata.org/wiki/Q43689
SaintSatyr,https://www.wikidata.org/wiki/Q2245450
JohannaVonMilkau,https://www.wikidata.org/wiki/Q21635434
MiltiadeLeJeune,https://www.wikidata.org/wiki/Q210350
Minerve,https://www.wikidata.org/wiki/Q126916
AntonioMini,http://www.wikidata.org/entity/Q21710870
Minos,https://www.wikidata.org/wiki/Q23168
ArtaxerxesII,https://www.wikidata.org/wiki/Q188472
FrancescoMochi,http://www.wikidata.org/entity/Q1441151
MoctezumaII,https://www.wikidata.org/wiki/Q141791
PierFrancescoMola,http://www.wikidata.org/entity/Q1192715
GiuseppeMoleti,https://www.wikidata.org/wiki/Q3710748
Moloch,https://www.wikidata.org/wiki/Q275010
JoosIIDeMomper,http://www.wikidata.org/entity/Q560548
HonoreIIDeMonaco,https://www.wikidata.org/wiki/Q474802
LorenzoMonaco,https://www.wikidata.org/wiki/Q155376
PierreMonier,http://www.wikidata.org/entity/Q3386358
JacopoDaMontagnana,http://www.wikidata.org/entity/Q3157655
GuidobaldoIMontefeltro,https://www.wikidata.org/wiki/Q969797
BaccioDaMontelupo,http://www.wikidata.org/entity/Q2245460
RobertoDaMontevarchi,https://www.wikidata.org/wiki/Q964293
AnthonieVanMontfoortBlocklandt,http://www.wikidata.org/entity/Q2281325
LouisDeMontjosieu,https://www.wikidata.org/wiki/Q21036045
JeanDeMontlyard,https://www.wikidata.org/wiki/Q3175589
SaintRoch,https://www.wikidata.org/wiki/Q152457
AnthonisMorVanDashorst,http://www.wikidata.org/entity/Q176694
PaoloMorando,http://www.wikidata.org/entity/Q2382158
DomenicoMoreni,https://www.wikidata.org/wiki/Q3713152
GiovanniGirolamoMorone,https://www.wikidata.org/wiki/Q82697
GiovanniBattistaMoroni,http://www.wikidata.org/entity/Q504949
ThomasMore,https://www.wikidata.org/wiki/Q42544
Moise,https://www.wikidata.org/wiki/Q9077
Mucien,https://www.wikidata.org/wiki/Q521520
FrancoisMuguet,https://www.wikidata.org/wiki/Q16185976
JanHarmenszMuller,http://www.wikidata.org/entity/Q2725591
LuciusMummius,https://www.wikidata.org/wiki/Q445455
PubliusDeciusMusI,https://www.wikidata.org/wiki/Q374579
PubliusDeciusMusII,https://www.wikidata.org/wiki/Q504145
PubliusDeciusMusIII,https://www.wikidata.org/wiki/Q155350
AgostinoVeneziano,http://www.wikidata.org/entity/Q2623716
GirolamoMuziano,http://www.wikidata.org/entity/Q1333792
Myron,https://www.wikidata.org/wiki/Q192211
IsabelleDeMedicis,https://www.wikidata.org/wiki/Q271831
CatherineDeMedicis,https://www.wikidata.org/wiki/Q131552
CosmeDeMedicis,https://www.wikidata.org/wiki/Q48547
FrancoisIMedicis,https://www.wikidata.org/wiki/Q299675
ClementVII,https://www.wikidata.org/wiki/Q83159
JulienDeMedicis,https://www.wikidata.org/wiki/Q333340
LaurentIIDeMedicis,https://www.wikidata.org/wiki/Q312612
LaurentDeMedicis,https://www.wikidata.org/wiki/Q177854
MarieDeMedicis,https://www.wikidata.org/wiki/Q182021
PierreDeMedicis,https://www.wikidata.org/wiki/Q262212
Megabyze,https://www.wikidata.org/wiki/Q1852762
Megasthene,https://www.wikidata.org/wiki/Q312548
Meleagre,https://www.wikidata.org/wiki/Q321541
Menes,https://www.wikidata.org/wiki/Q189574
Menelas,https://www.wikidata.org/wiki/Q171839
Menelaos,https://www.wikidata.org/wiki/Q451572
SymeonMetaphraste,https://www.wikidata.org/wiki/Q439491
NabuchodonosorII,https://www.wikidata.org/wiki/Q12591
LorenzoNaldini,http://www.wikidata.org/entity/Q98323508
RobertNanteuil,http://www.wikidata.org/entity/Q1356084
RobertINaples,https://www.wikidata.org/wiki/Q290720
Narcisse,https://www.wikidata.org/wiki/Q179256
FamianoNardini,https://www.wikidata.org/wiki/Q3064854
MauriceDeNassau,https://www.wikidata.org/wiki/Q164062
MichelNatalis,http://www.wikidata.org/entity/Q1176744
Nausicaa,https://www.wikidata.org/wiki/Q135224
Jesus,https://www.wikidata.org/wiki/Q302
CesareNebbia,http://www.wikidata.org/entity/Q503575
ViolanteNegretti,https://www.wikidata.org/wiki/Q16747429
Nembrot,https://www.wikidata.org/wiki/Q201861
Neptune,https://www.wikidata.org/wiki/Q3954
Neron,https://www.wikidata.org/wiki/Q1413
Nerva,https://www.wikidata.org/wiki/Q1424
Neree,https://www.wikidata.org/wiki/Q189527
Nestor,https://www.wikidata.org/wiki/Q193267
CasparNetscher,http://www.wikidata.org/entity/Q217715
WolfgangGuillaumeDeNeubourg,https://www.wikidata.org/wiki/Q61214
NicephoreI,https://www.wikidata.org/wiki/Q208754
Nicias,https://www.wikidata.org/wiki/Q2583871
Nicodeme,https://www.wikidata.org/wiki/Q295084
NicetasI,https://www.wikidata.org/wiki/Q1281867
Ninus,https://www.wikidata.org/wiki/Q1152356
Nitocris,https://www.wikidata.org/wiki/Q230774
GiacomoNizzola,http://www.wikidata.org/entity/Q3805911
JeanNocret,http://www.wikidata.org/entity/Q3173734
Noe,https://www.wikidata.org/wiki/Q81422
AdamVanNoort,http://www.wikidata.org/entity/Q351328
CatharinaVanNoort,https://www.wikidata.org/wiki/Q21710856
LambertVanNoort,http://www.wikidata.org/entity/Q4901800
DariusII,https://www.wikidata.org/wiki/Q202236
Notos,https://www.wikidata.org/wiki/Q903273
Nearque,https://www.wikidata.org/wiki/Q320132
Neoptoleme,https://www.wikidata.org/wiki/Q322639
ArtaxerxesIII,https://www.wikidata.org/wiki/Q192867
Odoacre,https://www.wikidata.org/wiki/Q103333
Oholiab,https://www.wikidata.org/wiki/Q2112850
PietroPaoloOlivieri,http://www.wikidata.org/entity/Q19569719
GerardVanOpstal,http://www.wikidata.org/entity/Q673573
OrazioDeFerrari,http://www.wikidata.org/entity/Q1439681
FrancoisDOrbay,http://www.wikidata.org/entity/Q1270258
Origene,https://www.wikidata.org/wiki/Q170472
BernaertVanOrley,http://www.wikidata.org/entity/Q454678
AnneMarieLouiseDOrleans,https://www.wikidata.org/wiki/Q231832
Orphee,https://www.wikidata.org/wiki/Q174353
PietroOrseolo,https://www.wikidata.org/wiki/Q707192
VirginioOrsini,https://www.wikidata.org/wiki/Q520436
PaoloGiordanoIIOrsini,https://www.wikidata.org/wiki/Q21640069
FrancescoOsanna,https://www.wikidata.org/wiki/Q55988940
Osiris,https://www.wikidata.org/wiki/Q46491
Othon,https://www.wikidata.org/wiki/Q1416
Ouranos,https://www.wikidata.org/wiki/Q79999
Ovide,https://www.wikidata.org/wiki/Q7198
LucaPacioli,https://www.wikidata.org/wiki/Q87620
Pacuvius,https://www.wikidata.org/wiki/Q314677
HilairePader,http://www.wikidata.org/entity/Q23770459
SainteJustine,https://www.wikidata.org/wiki/Q288295
BlaiseFrancoisPagan,https://www.wikidata.org/wiki/Q2905786
BenedettoPagni,http://www.wikidata.org/entity/Q2895740
Palamede,https://www.wikidata.org/wiki/Q252387
GabrielePaleotti,https://www.wikidata.org/wiki/Q163858
AndreaPalladio,http://www.wikidata.org/entity/Q177692
Pallas,https://www.wikidata.org/wiki/Q37122
JacopoPalmaIlVecchio,http://www.wikidata.org/entity/Q9342
JacopoPalmaIlGiovane,http://www.wikidata.org/entity/Q651795
Pamphile,https://www.wikidata.org/wiki/Q1346505
Panainos,https://www.wikidata.org/wiki/Q715817
Pandrose,https://www.wikidata.org/wiki/Q633120
AntonioMariaPanico,http://www.wikidata.org/entity/Q90876960
UrbainIV,https://www.wikidata.org/wiki/Q169305
OnofrioPanvinio,https://www.wikidata.org/wiki/Q1771889
ClaudeParadin,https://www.wikidata.org/wiki/Q867849
LeonardoParasole,http://www.wikidata.org/entity/Q16853931
NicolasV,https://www.wikidata.org/wiki/Q134588
MargueriteDeParme,https://www.wikidata.org/wiki/Q307815
Parrhasios,https://www.wikidata.org/wiki/Q552759
Pasiteles,https://www.wikidata.org/wiki/Q1934954
BartolomeoPassarotti,http://www.wikidata.org/entity/Q809512
PaulEmileMacedonien,https://www.wikidata.org/wiki/Q298168
Pausanias,https://www.wikidata.org/wiki/Q192931
Pausias,https://www.wikidata.org/wiki/Q1533115
HenryPeachamjunior,https://www.wikidata.org/wiki/Q19288563
QuintusPediusPeintre,https://www.wikidata.org/wiki/Q2701125
Peiraikos,https://www.wikidata.org/wiki/Q3905609
FrancescoDiPellegrino,https://www.wikidata.org/wiki/Q21546495
GiovanniFrancescoPenni,http://www.wikidata.org/entity/Q2327761
LucaPenni,http://www.wikidata.org/entity/Q3264994
SixteV,https://www.wikidata.org/wiki/Q133350
ClaudePerrault,http://www.wikidata.org/entity/Q347699
AntoinePerrenotDeGranvelle,https://www.wikidata.org/wiki/Q451178
FrancoisPerrier,http://www.wikidata.org/entity/Q82566
AscanioPersio,https://www.wikidata.org/wiki/Q3624792
Persee,https://www.wikidata.org/wiki/Q130832
BaldassarrePeruzzi,http://www.wikidata.org/entity/Q177213
SimonePeterzano,http://www.wikidata.org/entity/Q983632
JeanPetitot,http://www.wikidata.org/entity/Q556676
Petrarque,http://www.wikidata.org/entity/Q1401
PetrusChristus,http://www.wikidata.org/entity/Q312616
Phanostrate,https://www.wikidata.org/wiki/Q112074588
Phaeton,https://www.wikidata.org/wiki/Q203480
Phidias,https://www.wikidata.org/wiki/Q177302
GuillaumePhilandrier,https://www.wikidata.org/wiki/Q3120120
PhilippeII,https://www.wikidata.org/wiki/Q34417
Philocles,https://www.wikidata.org/wiki/Q7186040
Phocas,https://www.wikidata.org/wiki/Q31556
Phraortes,https://www.wikidata.org/wiki/Q332557
Phryne,https://www.wikidata.org/wiki/Q232790
Phylarque,https://www.wikidata.org/wiki/Q609147
Phyllis,https://www.wikidata.org/wiki/Q1334087
LouisIPhelypeauxDeLaVrilliere,https://www.wikidata.org/wiki/Q3262263
PieII,https://www.wikidata.org/wiki/Q101437
PieIII,https://www.wikidata.org/wiki/Q160030
Picus,https://www.wikidata.org/wiki/Q235724
SaintPierre,https://www.wikidata.org/wiki/Q33923
GiovanniDiPietro,http://www.wikidata.org/entity/Q1446925
PietroDaSalo,https://www.wikidata.org/wiki/Q19569759
PoncePilate,https://www.wikidata.org/wiki/Q17131
RogerDePiles,http://www.wikidata.org/entity/Q941981
GermainPilon,http://www.wikidata.org/entity/Q554943
MarcoPino,http://www.wikidata.org/entity/Q979474
PaoloPino,http://www.wikidata.org/entity/Q3362655
Pinturicchio,http://www.wikidata.org/entity/Q5591
CorneliusPinus,https://www.wikidata.org/wiki/Q869142
SebastianoDelPiombo,http://www.wikidata.org/entity/Q285423
Pisanello,http://www.wikidata.org/entity/Q311082
AndreaPisano,http://www.wikidata.org/entity/Q311031
BonannoPisano,http://www.wikidata.org/entity/Q892084
GiovanniPisano,http://www.wikidata.org/entity/Q314932
NicolaPisano,http://www.wikidata.org/entity/Q364413
AnneDePisseleu,https://www.wikidata.org/wiki/Q257557
FraPaolinoDaPistoia,http://www.wikidata.org/entity/Q3749183
BonifacioVeronese,http://www.wikidata.org/entity/Q744747
GiovanniBattistaPittoni,http://www.wikidata.org/entity/Q21540049
Platon,https://www.wikidata.org/wiki/Q859
ArmandJeanDuPlessisDeRichelieu,https://www.wikidata.org/wiki/Q26702
Pline,https://www.wikidata.org/wiki/Q82778
Plotine,https://www.wikidata.org/wiki/Q239448
Plutarque,https://www.wikidata.org/wiki/Q41523
Pluton,https://www.wikidata.org/wiki/Q152262
CornelisVanPoelenburgh,http://www.wikidata.org/entity/Q247183
DianeDePoitiers,https://www.wikidata.org/wiki/Q276010
AntonioPollaiuolo,http://www.wikidata.org/entity/Q318640
PieroPollaiuolo,http://www.wikidata.org/entity/Q707046
TrebelliusPollio,https://www.wikidata.org/wiki/Q669971
Pollux,https://www.wikidata.org/wiki/Q190103
SigismondIII,https://www.wikidata.org/wiki/Q52940
Polybe,https://www.wikidata.org/wiki/Q131169
Polyclete,https://www.wikidata.org/wiki/Q193422
Polydore,https://www.wikidata.org/wiki/Q2102799
Polygnote,https://www.wikidata.org/wiki/Q1972156
Polynice,https://www.wikidata.org/wiki/Q334817
Polypheme,https://www.wikidata.org/wiki/Q193567
Pomone,https://www.wikidata.org/wiki/Q171239
PompeoGiustiniano,https://www.wikidata.org/wiki/Q106398023
NumaPompilius,https://www.wikidata.org/wiki/Q200031
AmalteoPomponio,http://www.wikidata.org/entity/Q598960
Pompee,https://www.wikidata.org/wiki/Q125414
JacquiotPonce,http://www.wikidata.org/entity/Q3396131
GiovanniDalPonte,http://www.wikidata.org/entity/Q2749321
EvagriusPonticus,https://www.wikidata.org/wiki/Q437869
PaulusPontius,http://www.wikidata.org/entity/Q1854445
Pontormo,http://www.wikidata.org/entity/Q207929
Porsenna,https://www.wikidata.org/wiki/Q346588
GiovanniGiacomoDellaPorta,http://www.wikidata.org/entity/Q3767365
GiuseppePorta,http://www.wikidata.org/entity/Q3108131
GuglielmoDellaPorta,http://www.wikidata.org/entity/Q1623328
GiovanniBattistaDellaPorta,https://www.wikidata.org/wiki/Q334154
AntonioPossevino,https://www.wikidata.org/wiki/Q548115
SaintPotit,https://www.wikidata.org/wiki/Q3947840
FransPourbusI,http://www.wikidata.org/entity/Q1445472
PieterPourbus,http://www.wikidata.org/entity/Q981558
NicolasPoussin,http://www.wikidata.org/entity/Q41554
CassianoDalPozzo,https://www.wikidata.org/wiki/Q1048333
CharlesPoerson,http://www.wikidata.org/entity/Q2960032
Praxitele,https://www.wikidata.org/wiki/Q105290
AndreaPrevitali,http://www.wikidata.org/entity/Q1097187
Priam,https://www.wikidata.org/wiki/Q170473
FrancescoPrimaticcio,http://www.wikidata.org/entity/Q333366
Primatice,https://www.wikidata.org/wiki/Q333366
AttiusPriscus,https://www.wikidata.org/wiki/Q780907
PytheosdePriene,https://www.wikidata.org/wiki/Q1243502
CamilloProcaccini,http://www.wikidata.org/entity/Q366999
ErcoleProcacciniI,http://www.wikidata.org/entity/Q3056023
GiulioCesareProcaccini,http://www.wikidata.org/entity/Q1119589
Promethee,https://www.wikidata.org/wiki/Q83160
Proserpine,https://www.wikidata.org/wiki/Q14515330
Protagoras,https://www.wikidata.org/wiki/Q169243
Protogene,https://www.wikidata.org/wiki/Q930914
Protee,https://www.wikidata.org/wiki/Q191481
DionDePruse,https://www.wikidata.org/wiki/Q334457
Psammetique,https://www.wikidata.org/wiki/Q328763
Longin,https://www.wikidata.org/wiki/Q744540
Psyche,https://www.wikidata.org/wiki/Q843382
LorenzoPucci,https://www.wikidata.org/wiki/Q745434
PierrePuget,http://www.wikidata.org/entity/Q371979
Pulcherie,https://www.wikidata.org/wiki/Q231919
Putiphar,https://www.wikidata.org/wiki/Q1148687
FrancoisDuPuy,https://www.wikidata.org/wiki/Q65146534
Pygmalion,https://www.wikidata.org/wiki/Q192343
Pyrgotele,https://www.wikidata.org/wiki/Q1243453
Pyrrhon,https://www.wikidata.org/wiki/Q192313
Pythagore,https://www.wikidata.org/wiki/Q10261
Pytheas,https://www.wikidata.org/wiki/Q189971
ParisMythologie,https://www.wikidata.org/wiki/Q167646
Pelopidas,https://www.wikidata.org/wiki/Q316059
Pelee,https://www.wikidata.org/wiki/Q178641
Penelope,https://www.wikidata.org/wiki/Q165769
Pericles,https://www.wikidata.org/wiki/Q80398
Perugin,http://www.wikidata.org/entity/Q5827
ErasmusIIQuellinus,http://www.wikidata.org/entity/Q625228
JacopoDellaQuercia,http://www.wikidata.org/entity/Q314797
CharlesQuint,https://www.wikidata.org/wiki/Q32500
QuinteCurce,https://www.wikidata.org/wiki/Q5959
Quintilien,https://www.wikidata.org/wiki/Q193769
Quirinus,https://www.wikidata.org/wiki/Q320333
Rachel,https://www.wikidata.org/wiki/Q207389
LattanzioRagnoni,https://www.wikidata.org/wiki/Q3827553
MarcantonioRaimondi,http://www.wikidata.org/entity/Q728375
AgostinoRamelli,http://www.wikidata.org/entity/Q395696
BartolommeoRamenghi,http://www.wikidata.org/entity/Q740807
GiovanniBattistaRamenghi,http://www.wikidata.org/entity/Q5880111
RaphaelArchange,https://www.wikidata.org/wiki/Q56951
AntoineDeRatabon,https://www.wikidata.org/wiki/Q2856920
Pordenone,http://www.wikidata.org/entity/Q983352
RaffaeleRegio,https://www.wikidata.org/wiki/Q7294005
PierreLouisReichDePennautier,https://www.wikidata.org/wiki/Q3386016
Remus,https://www.wikidata.org/wiki/Q1242632
EtienneRendu,http://www.wikidata.org/entity/Q41270999
IsabelleDeRequesens,https://www.wikidata.org/wiki/Q11926873
Rhadamanthe,https://www.wikidata.org/wiki/Q193609
Rhampsinit,https://www.wikidata.org/wiki/Q1604113
Rhodope,https://www.wikidata.org/wiki/Q16468441
JusepeDeRibera,http://www.wikidata.org/entity/Q297838
DanieleDaVolterra,http://www.wikidata.org/entity/Q540489
CarloRidolfi,http://www.wikidata.org/entity/Q776990
Rembrandt,http://www.wikidata.org/entity/Q5598
AlamannoRinuccini,https://www.wikidata.org/wiki/Q4394728
CesareRipa,http://www.wikidata.org/entity/Q721704
JacopoRipanda,http://www.wikidata.org/entity/Q3157648
JeanPierreRivalz,http://www.wikidata.org/entity/Q3169711
LucaDellaRobbia,http://www.wikidata.org/entity/Q194977
RobertII,https://www.wikidata.org/wiki/Q178918
ErcoleDeRoberti,http://www.wikidata.org/entity/Q379521
MarieDeRohan,https://www.wikidata.org/wiki/Q438615
RoisMages,https://www.wikidata.org/wiki/Q51671
GiovanniFrancescoRomanelli,http://www.wikidata.org/entity/Q2983846
PaoloRomano,http://www.wikidata.org/entity/Q2469612
Romanino,http://www.wikidata.org/entity/Q732766
GiulioRomano,http://www.wikidata.org/entity/Q215305
SainteFelicite,https://www.wikidata.org/wiki/Q257960
SaintLaurent,https://www.wikidata.org/wiki/Q17590
Romulus,https://www.wikidata.org/wiki/Q2186
CristoforoRoncalli,http://www.wikidata.org/entity/Q1091136
GuillaumeRondelet,https://www.wikidata.org/wiki/Q960658
JeanBaptisteRondelet,http://www.wikidata.org/entity/Q432786
PierreDeRonsard,http://www.wikidata.org/entity/Q49752
SalvatorRosa,http://www.wikidata.org/entity/Q359421
CosimoRosselli,http://www.wikidata.org/entity/Q29447
LuigiDeRossi,https://www.wikidata.org/wiki/Q733662
ProperziaDeRossi,http://www.wikidata.org/entity/Q293106
RossoFiorentino,http://www.wikidata.org/entity/Q312617
MartinoRota,http://www.wikidata.org/entity/Q1984287
HansIRottenhammer,http://www.wikidata.org/entity/Q559004
Erasmus,https://www.wikidata.org/wiki/Q43499
Roxane,https://www.wikidata.org/wiki/Q190055
AlbertRubens,https://www.wikidata.org/wiki/Q21543225
JanRubens,https://www.wikidata.org/wiki/Q1682176
PeterPaulRubens,http://www.wikidata.org/entity/Q5599
PhilipRubens,https://www.wikidata.org/wiki/Q15880673
CosimoRucellai,https://www.wikidata.org/wiki/Q55911290
TommasoRues,https://www.wikidata.org/wiki/Q3992848
FlaviusRufinus,https://www.wikidata.org/wiki/Q363482
QuintusFabiusMaximusRullianus,https://www.wikidata.org/wiki/Q435352
GirolamoRuscelli,https://www.wikidata.org/wiki/Q2903986
GiovanniFrancescoRustici,http://www.wikidata.org/entity/Q720384
MaryRuthven,https://www.wikidata.org/wiki/Q19610033
LorenzoSabatini,http://www.wikidata.org/entity/Q886785
AndreaSacchi,http://www.wikidata.org/entity/Q495008
Sadeler,http://www.wikidata.org/entity/Q12050805
HansSadeler,http://www.wikidata.org/entity/Q3161745
RaphaelSadeler,http://www.wikidata.org/entity/Q19569785
PieterSaenredam,http://www.wikidata.org/entity/Q433804
SaintCome,https://www.wikidata.org/wiki/Q76486
SaintDamien,https://www.wikidata.org/wiki/Q76486
SaintEtienne,https://www.wikidata.org/wiki/Q161775
SaintGregoireDeNysse,https://www.wikidata.org/wiki/Q191734
SaintLuc,https://www.wikidata.org/wiki/Q128538
SaintMarc,https://www.wikidata.org/wiki/Q31966
SaintPaul,https://www.wikidata.org/wiki/Q9200
SaintSebastien,https://www.wikidata.org/wiki/Q183332
MaximilienII,https://www.wikidata.org/wiki/Q150862
SainteVeronique,https://www.wikidata.org/wiki/Q196653
AndreaSalaino,http://www.wikidata.org/entity/Q954126
Salomon,https://www.wikidata.org/wiki/Q37085
FrancescoSalviati,http://www.wikidata.org/entity/Q704594
GiovanniSalviati,https://www.wikidata.org/wiki/Q2254728
AntonMariaSalvini,https://www.wikidata.org/wiki/Q349065
OrazioSammacchini,http://www.wikidata.org/entity/Q2619534
TheodoreDeSamos,https://www.wikidata.org/wiki/Q3286634
TheonDeSamos,https://www.wikidata.org/wiki/Q3983954
LucienSamosate,https://www.wikidata.org/wiki/Q177847
JoachimVonSandrart,http://www.wikidata.org/entity/Q551624
LorenzSandrart,https://www.wikidata.org/wiki/Q58435668
AntonioDaSangalloIlVecchio,http://www.wikidata.org/entity/Q456861
BastianoDaSangallo,http://www.wikidata.org/entity/Q737782
FrancescoDaSangallo,http://www.wikidata.org/entity/Q2252502
GiulianoDaSangallo,http://www.wikidata.org/entity/Q312365
GiovanniAntonioSangiorgio,https://www.wikidata.org/wiki/Q2255180
MicheleSanmicheli,http://www.wikidata.org/entity/Q459937
AndreaSansovino,http://www.wikidata.org/entity/Q495011
SantaDaria,https://www.wikidata.org/wiki/Q1088478
GiovanniSanti,http://www.wikidata.org/entity/Q860949
Raphael,http://www.wikidata.org/entity/Q5597
Sappho,https://www.wikidata.org/wiki/Q17892
Sarapis,https://www.wikidata.org/wiki/Q214554
JacquesSarazin,http://www.wikidata.org/entity/Q1347676
AndreaDelSarto,http://www.wikidata.org/entity/Q5571
Saturne,https://www.wikidata.org/wiki/Q134388
Saulaces,https://www.wikidata.org/wiki/Q15802758
DenisSauvage,https://www.wikidata.org/wiki/Q3022925
HonoreIII,https://www.wikidata.org/wiki/Q160182
JacobISavery,http://www.wikidata.org/entity/Q658943
RoelandtSavery,http://www.wikidata.org/entity/Q142710
CharlesEmmanuelIer,https://www.wikidata.org/wiki/Q318091
MauriceDeSavoie,https://www.wikidata.org/wiki/Q610738
Savonarole,https://www.wikidata.org/wiki/Q164823
LouisSavot,http://www.wikidata.org/entity/Q25918160
JosephJusteScaliger,https://www.wikidata.org/wiki/Q315163
VincenzoScamozzi,http://www.wikidata.org/entity/Q309733
CorneilleSchut,http://www.wikidata.org/entity/Q592396
ChristophSchwarz,http://www.wikidata.org/entity/Q322029
ScipionAsiatique,https://www.wikidata.org/wiki/Q361377
ScipionAfricain,https://www.wikidata.org/wiki/Q2253
Scopas,https://www.wikidata.org/wiki/Q309579
JanVanScorel,http://www.wikidata.org/entity/Q282708
DanielSeghers,http://www.wikidata.org/entity/Q928466
GerardSeghers,http://www.wikidata.org/entity/Q951884
GirolamoDaCarpi,http://www.wikidata.org/entity/Q2701846
OttavioSemino,http://www.wikidata.org/entity/Q3357741
SeptimeSevere,https://www.wikidata.org/wiki/Q1442
LuciusSeptimius,https://www.wikidata.org/wiki/Q10891032
VincenzoSeregni,http://www.wikidata.org/entity/Q4013515
SebastianoSerlio,http://www.wikidata.org/entity/Q452318
AbelServien,https://www.wikidata.org/wiki/Q318496
CesareDaSesto,http://www.wikidata.org/entity/Q1056977
SethBible,https://www.wikidata.org/wiki/Q107626
Seth,https://www.wikidata.org/wiki/Q131795
PaoloSfondrati,https://www.wikidata.org/wiki/Q116470973
FrancescoSforza,https://www.wikidata.org/wiki/Q310536
FrancescoMariaSforza,https://www.wikidata.org/wiki/Q378868
LudovicoSforza,https://www.wikidata.org/wiki/Q236853
CostanzaSforza,https://www.wikidata.org/wiki/Q3695632
AndreaSguazzella,http://www.wikidata.org/entity/Q3616052
Sibylle,https://www.wikidata.org/wiki/Q273320
GirolamoSiciolante,http://www.wikidata.org/entity/Q2296884
CallirrhoeDeSicyone,https://www.wikidata.org/wiki/Q16937338
Lysippe,https://www.wikidata.org/wiki/Q192222
BarnaDaSiena,http://www.wikidata.org/entity/Q2447325
Sigismond,https://www.wikidata.org/wiki/Q318347
SigismondI,https://www.wikidata.org/wiki/Q54056
LucaSignorelli,http://www.wikidata.org/entity/Q7031
IsraelSilvestre,http://www.wikidata.org/entity/Q358612
Silene,https://www.wikidata.org/wiki/Q464091
GabrielSimeoni,https://www.wikidata.org/wiki/Q1321578
Diogene,https://www.wikidata.org/wiki/Q59180
SixteII,https://www.wikidata.org/wiki/Q127385
FransSnyders,http://www.wikidata.org/entity/Q29231
Socrate,https://www.wikidata.org/wiki/Q913
PierSoderini,https://www.wikidata.org/wiki/Q289104
JanSoens,http://www.wikidata.org/entity/Q3806935
CristoforoSolari,http://www.wikidata.org/entity/Q2408409
AndreaSolario,http://www.wikidata.org/entity/Q495110
GiacomoSoldati,https://www.wikidata.org/wiki/Q18763333
Solinus,https://www.wikidata.org/wiki/Q520487
Sophocle,https://www.wikidata.org/wiki/Q7235
RaffaelleSoprani,http://www.wikidata.org/entity/Q3417351
Sostrate,https://www.wikidata.org/wiki/Q11950695
PieterClaeszSoutman,http://www.wikidata.org/entity/Q577842
Sozomene,https://www.wikidata.org/wiki/Q354350
BartolomeoSpani,http://www.wikidata.org/entity/Q12951031
LeonidasI,https://www.wikidata.org/wiki/Q44228
AeliusSpartianus,https://www.wikidata.org/wiki/Q1230624
AmbrogioSpinola,https://www.wikidata.org/wiki/Q359936
BartholomaeusSpranger,http://www.wikidata.org/entity/Q447682
FrancescoSquarcione,http://www.wikidata.org/entity/Q380537
MassimoStanzione,http://www.wikidata.org/entity/Q982384
GherardoStarnina,http://www.wikidata.org/entity/Q2254774
HendrickIVanSteenwijck,http://www.wikidata.org/entity/Q709038
FrancoisStella,http://www.wikidata.org/entity/Q5493412
JacquesStella,http://www.wikidata.org/entity/Q605799
SimonStevin,http://www.wikidata.org/entity/Q23696
TobiasStimmer,http://www.wikidata.org/entity/Q677071
Strabon,https://www.wikidata.org/wiki/Q45936
JanVanDerStraet,http://www.wikidata.org/entity/Q143595
SaintJerome,https://www.wikidata.org/wiki/Q44248
RobertoStrozzi,https://www.wikidata.org/wiki/Q21618876
CharlesII,https://www.wikidata.org/wiki/Q122553
CharlesI,https://www.wikidata.org/wiki/Q81506
Styx,https://www.wikidata.org/wiki/Q542758
Bramantino,http://www.wikidata.org/entity/Q7799
FrancoisSubletDeNoyers,https://www.wikidata.org/wiki/Q3085865
LambertSustris,http://www.wikidata.org/entity/Q1357759
ChristineDeSuede,https://www.wikidata.org/wiki/Q52937
Suetone,https://www.wikidata.org/wiki/Q10133
IsaacClaeszSwanenburgh,http://www.wikidata.org/entity/Q984253
HermanVanSwanevelt,http://www.wikidata.org/entity/Q875164
Sylla,https://www.wikidata.org/wiki/Q483783
SylvestreI,https://www.wikidata.org/wiki/Q47149
PierreSeguier,https://www.wikidata.org/wiki/Q446912
Semiramis,https://www.wikidata.org/wiki/Q103960
Semele,https://www.wikidata.org/wiki/Q776139
Seneque,https://www.wikidata.org/wiki/Q2054
IsidoreDeSeville,https://www.wikidata.org/wiki/Q166876
AlexandreSevere,https://www.wikidata.org/wiki/Q1769
InnocenzoTacconni,http://www.wikidata.org/entity/Q21455299
Tacite,https://www.wikidata.org/wiki/Q2161
TaddeoTaddei,https://www.wikidata.org/wiki/Q930159
SpuriusTadius,https://www.wikidata.org/wiki/Q16854296
Paciotto,http://www.wikidata.org/entity/Q505652
VincenzoTamagni,http://www.wikidata.org/entity/Q524497
Tantale,https://www.wikidata.org/wiki/Q182101
GuidoTarlati,https://www.wikidata.org/wiki/Q378128
TarquinSuperbe,https://www.wikidata.org/wiki/Q193047
TarquinAncien,https://www.wikidata.org/wiki/Q212671
TorquatoTasso,https://www.wikidata.org/wiki/Q168962
TitusTatius,https://www.wikidata.org/wiki/Q960039
JacopoSansovino,http://www.wikidata.org/entity/Q202267
Telephane,https://www.wikidata.org/wiki/Q20101912
AntonioTempesta,http://www.wikidata.org/entity/Q605447
DavidTeniers,http://www.wikidata.org/entity/Q335022
DavidITeniers,http://www.wikidata.org/entity/Q622729
GerardTerborch,http://www.wikidata.org/entity/Q346808
TerentiusLucanus,https://www.wikidata.org/wiki/Q11951572
Terpandre,https://www.wikidata.org/wiki/Q113417
Tertullien,https://www.wikidata.org/wiki/Q174929
GiovanniCesareTesta,http://www.wikidata.org/entity/Q21523221
PietroTesta,http://www.wikidata.org/entity/Q2155480
PasquierTestelin,https://www.wikidata.org/wiki/Q122216417
Thalestris,https://www.wikidata.org/wiki/Q1246563
TheodolindeDeBaviere,https://www.wikidata.org/wiki/Q232525
Theodora,https://www.wikidata.org/wiki/Q230001
Theodose,https://www.wikidata.org/wiki/Q46696
Theophile,https://www.wikidata.org/wiki/Q60199
Thetis,https://www.wikidata.org/wiki/Q184437
MelchisedecThevenot,https://www.wikidata.org/wiki/Q956547
AndreThevet,https://www.wikidata.org/wiki/Q523054
SaintThomas,https://www.wikidata.org/wiki/Q43669
PhilippeThomassin,http://www.wikidata.org/entity/Q2087745
Thucydide,https://www.wikidata.org/wiki/Q41683
TheodorVanThulden,http://www.wikidata.org/entity/Q260817
Octavie,https://www.wikidata.org/wiki/Q229483
Aristide,https://www.wikidata.org/wiki/Q265462
Themistocle,https://www.wikidata.org/wiki/Q179552
TheodoricLeGrand,https://www.wikidata.org/wiki/Q105105
Theophraste,https://www.wikidata.org/wiki/Q160362
Thesee,https://www.wikidata.org/wiki/Q1320718
DomenicoTibaldi,http://www.wikidata.org/entity/Q5290131
PellegrinoTibaldi,http://www.wikidata.org/entity/Q861385
Tibere,https://www.wikidata.org/wiki/Q1407
Timagoras,https://www.wikidata.org/wiki/Q114319165
Timanthe,https://www.wikidata.org/wiki/Q707873
Timarete,https://www.wikidata.org/wiki/Q537797
Timomaque,https://www.wikidata.org/wiki/Q7806922
Timotheos,https://www.wikidata.org/wiki/Q1342534
JacopoTintoretto,http://www.wikidata.org/entity/Q9319
MariettaTintoretto,http://www.wikidata.org/entity/Q544173
Ctesibios,https://www.wikidata.org/wiki/Q41766
Tissapherne,https://www.wikidata.org/wiki/Q355727
TiteLive,https://www.wikidata.org/wiki/Q2039
Titien,http://www.wikidata.org/entity/Q47551
Titus,https://www.wikidata.org/wiki/Q1421
Tityos,https://www.wikidata.org/wiki/Q656887
EleonoreDeTolede,https://www.wikidata.org/wiki/Q237717
FrancescoTorbido,http://www.wikidata.org/entity/Q1054349
NiccoloTornioli,http://www.wikidata.org/entity/Q934228
JohannesTorrentius,http://www.wikidata.org/entity/Q2459649
PietroTorrigiano,http://www.wikidata.org/entity/Q948332
FrancoisTortebat,http://www.wikidata.org/entity/Q21638792
Totila,https://www.wikidata.org/wiki/Q159707
NicolasTournier,http://www.wikidata.org/entity/Q2631153
HenriToutin,http://www.wikidata.org/entity/Q19829722
JeanToutin,http://www.wikidata.org/entity/Q6214373
Trajan,https://www.wikidata.org/wiki/Q1425
AntonioDaTrento,http://www.wikidata.org/entity/Q3620374
NiccoloTribolo,http://www.wikidata.org/entity/Q1360130
RaphaelTrichetDuFresne,https://www.wikidata.org/wiki/Q19754092
HermesTrismegiste,https://www.wikidata.org/wiki/Q192358
AntoineNicolasDeTroy,https://www.wikidata.org/wiki/Q87323627
ElisabethI,https://www.wikidata.org/wiki/Q7207
MarieTudor,https://www.wikidata.org/wiki/Q82674
ServiusTullius,https://www.wikidata.org/wiki/Q192998
BaldassareTurini,https://www.wikidata.org/wiki/Q125275202
Turpilius,https://www.wikidata.org/wiki/Q32857761
SextusTurpilius,https://www.wikidata.org/wiki/Q182243
BenoitIX,https://www.wikidata.org/wiki/Q178799
ApolloniosDeTyane,https://www.wikidata.org/wiki/Q297040
MaximeDeTyr,https://www.wikidata.org/wiki/Q456649
JeanTzetzes,https://www.wikidata.org/wiki/Q530515
Tenes,https://www.wikidata.org/wiki/Q426788
Terence,https://www.wikidata.org/wiki/Q172048
PaoloUccello,http://www.wikidata.org/entity/Q192488
GiovanniDaUdine,http://www.wikidata.org/entity/Q983350
PhilippUffenbach,http://www.wikidata.org/entity/Q319135
Ulysse,https://www.wikidata.org/wiki/Q47231
CarloUrbino,http://www.wikidata.org/entity/Q2939264
SaskiaVanUylenburgh,https://www.wikidata.org/wiki/Q109676
BasileValentin,https://www.wikidata.org/wiki/Q810169
ValentinienI,https://www.wikidata.org/wiki/Q46720
MarcusValeriusMaximus,https://www.wikidata.org/wiki/Q673518
ValeriusMaximus,https://www.wikidata.org/wiki/Q379991
PubliusValeriusPublicola,https://www.wikidata.org/wiki/Q318726
Valincour,https://www.wikidata.org/wiki/Q3163775
FilippoValori,https://www.wikidata.org/wiki/Q118611812
Stradanus,http://www.wikidata.org/entity/Q143595
PieterVanMol,http://www.wikidata.org/entity/Q1032847
LucasVanUffelen,https://www.wikidata.org/wiki/Q21526240
AndreasVanWesel,https://www.wikidata.org/wiki/Q170267
KarelVanManderII,http://www.wikidata.org/entity/Q3374685
HubertVanEyck,http://www.wikidata.org/entity/Q364350
FrancescoVanni,http://www.wikidata.org/entity/Q960581
GijsbertVanVeen,http://www.wikidata.org/entity/Q21855565
PieterVanVeen,http://www.wikidata.org/entity/Q21289685
BenedettoVarchi,http://www.wikidata.org/entity/Q176833
JosephVarin,http://www.wikidata.org/entity/Q51282754
Varron,https://www.wikidata.org/wiki/Q206119
LadislasIV,https://www.wikidata.org/wiki/Q54054
GiorgioVasari,http://www.wikidata.org/entity/Q128027
BonifacioDelVasto,https://www.wikidata.org/wiki/Q1770709
GiovanniDeVecchi,http://www.wikidata.org/entity/Q1529507
BernardoVecchietti,https://www.wikidata.org/wiki/Q52153968
CesareVecellio,http://www.wikidata.org/entity/Q549400
FrancescoVecellio,http://www.wikidata.org/entity/Q1743903
OrazioVecellio,http://www.wikidata.org/entity/Q7099974
OttoVanVeen,http://www.wikidata.org/entity/Q785355
AntonioVeneziano,http://www.wikidata.org/entity/Q2261335
AgnoloDiVentura,http://www.wikidata.org/entity/Q374428
MarcelloVenusti,http://www.wikidata.org/entity/Q2716659
AttonDeVerceil,https://www.wikidata.org/wiki/Q512544
GiovanniMariaVerdizotti,http://www.wikidata.org/entity/Q4107591
Virgile,https://www.wikidata.org/wiki/Q1398
JanCorneliszVermeyen,http://www.wikidata.org/entity/Q240396
LiberaleDaVerona,http://www.wikidata.org/entity/Q1374872
SebetoDaVerona,https://www.wikidata.org/wiki/Q23586325
StefanoDaVerona,http://www.wikidata.org/entity/Q724508
FraGiovanniDaVerona,http://www.wikidata.org/entity/Q3749194
ZenoneVeronese,http://www.wikidata.org/entity/Q18545599
PaoloVeronese,http://www.wikidata.org/entity/Q9440
AntonioVerrio,http://www.wikidata.org/entity/Q2305594
AndreaVerrocchio,http://www.wikidata.org/entity/Q183458
HendrickVerschuring,http://www.wikidata.org/entity/Q1605114
Vespasien,https://www.wikidata.org/wiki/Q1419
Vesta,https://www.wikidata.org/wiki/Q178710
GiuseppeNiccoloVicentino,http://www.wikidata.org/entity/Q5565479
EneaVico,http://www.wikidata.org/entity/Q3725198
Victoire,https://www.wikidata.org/wiki/Q308902
AureliusVictorAfer,https://www.wikidata.org/wiki/Q275606
BlaiseDeVigenere,https://www.wikidata.org/wiki/Q262880
ArmandJeanVignerotDuPlessis,https://www.wikidata.org/wiki/Q2861881
ClaudeVignon,http://www.wikidata.org/entity/Q591684
FrancescoVillamena,http://www.wikidata.org/entity/Q516452
GeorgeVilliers,https://www.wikidata.org/wiki/Q313817
LeonardoDaVinci,http://www.wikidata.org/entity/Q762
MarcusVipsaniusAgrippa,https://www.wikidata.org/wiki/Q48174
Viridomaros,https://www.wikidata.org/wiki/Q2590752
PhilippeMarieVisconti,https://www.wikidata.org/wiki/Q289285
ProsperoVisconti,https://www.wikidata.org/wiki/Q130361202
PirroIViscontiBorromeo,https://www.wikidata.org/wiki/Q16765845
TimoteoViti,http://www.wikidata.org/entity/Q1709100
Vitruve,https://www.wikidata.org/wiki/Q47163
AlessandroVittoria,http://www.wikidata.org/entity/Q1347426
AlviseVivarini,http://www.wikidata.org/entity/Q1258585
AntonioVivarini,http://www.wikidata.org/entity/Q935534
BartolomeoVivarini,http://www.wikidata.org/entity/Q456971
PieterVlerick,http://www.wikidata.org/entity/Q19883243
JohannesVoet,https://www.wikidata.org/wiki/Q878674
FlaviusVopiscus,https://www.wikidata.org/wiki/Q534986
JacobusDeVoragine,https://www.wikidata.org/wiki/Q313460
LucasVorsterman,http://www.wikidata.org/entity/Q897552
MaertenDeVos,http://www.wikidata.org/entity/Q555022
IsaacVossius,https://www.wikidata.org/wiki/Q3112766
SimonVouet,http://www.wikidata.org/entity/Q317920
AubinVouet,http://www.wikidata.org/entity/Q2870616
HansVredemanDeVries,http://www.wikidata.org/entity/Q944332
RemyVuibert,http://www.wikidata.org/entity/Q3456193
Vulcain,https://www.wikidata.org/wiki/Q4640
MarcDeVulsonDeLaColombiere,https://www.wikidata.org/wiki/Q303609
Vegece,https://www.wikidata.org/wiki/Q4298
Venus,https://www.wikidata.org/wiki/Q47652
LuciusAureliusVerus,https://www.wikidata.org/wiki/Q1433
JoosVanWassenhove,http://www.wikidata.org/entity/Q515796
RogierVanDerWeyden,http://www.wikidata.org/entity/Q68631
AlofDeWignacourt,https://www.wikidata.org/wiki/Q658756
Vitellion,https://www.wikidata.org/wiki/Q710858
MichaelWolgemut,http://www.wikidata.org/entity/Q262771
Xenocrate,https://www.wikidata.org/wiki/Q214121
Xenophon,https://www.wikidata.org/wiki/Q129772
BernardoZenale,http://www.wikidata.org/entity/Q742607
Zenon,https://www.wikidata.org/wiki/Q183452
Zeus,https://www.wikidata.org/wiki/Q34201
Zeuxis,https://www.wikidata.org/wiki/Q197044
AltichieroDaZevio,http://www.wikidata.org/entity/Q379567
MarcoZoppo,http://www.wikidata.org/entity/Q1369392
Zoroastre,https://www.wikidata.org/wiki/Q35811
JanosZsamboky,https://www.wikidata.org/wiki/Q931436
FedericoZuccaro,http://www.wikidata.org/entity/Q345605
TaddeoZuccaro,http://www.wikidata.org/entity/Q434058
GaetanoZumbo,http://www.wikidata.org/entity/Q547564
SaintJacquesMajeur,https://www.wikidata.org/wiki/Q43999
Zenodore,https://www.wikidata.org/wiki/Q3576497
Zephyr,https://www.wikidata.org/wiki/Q467515
SainteElisabeth,https://www.wikidata.org/wiki/Q235849
Eole,https://www.wikidata.org/wiki/Q172549
Epaminondas,https://www.wikidata.org/wiki/Q190436
Erichthonios,https://www.wikidata.org/wiki/Q644921
Evandre,https://www.wikidata.org/wiki/Q837699
≈ínone,https://www.wikidata.org/wiki/Q858671
