xml_id,wikidata_qid
HansVonAachen,Q152835
Aaron,Q51676
NicoloDellAbbate,Q333563
Abel,Q313421
AbgarV,Q320168
Abiron,Q114008399
Abraham,Q9181
JudaAbravanel,Q467062
PietroAccolti,Q1337909
Achab,Q235901
Achille,Q41746
Achemenide,Q930198
Adam,Q70899
Adonis,Q163920
Adramalech,Q366515
AdrienVI,Q57087
PierreAffre,Q3383648
Agamemnon,Q128176
Agar,Q214617
Aglaophon,Q1454839
Agoracritos,Q395404
LeonardoAgostini,Q1054161
AgrippaIer,Q298636
Agucchi,Q3766546
Agenor,Q392631
Agesandros,Q983432
AhmosisII,Q312045
Aistolf,Q312504
IbnAlHaytham,Q11104
Alaric,Q102371
Albane,Q358147
AlbertII,Q157112
AlbertoAlberti,Q323557
BenedettoAlberti,Q62032375
BernardoAlberti,Q55225022
CherubinoAlberti,Q2553402
CiprianoAlberti,Q88174978
AlbertiDurante,Q1165466
Alberti,Q3064890
GiovanniAlberti,Q3106983
LeonBattistaAlberti,Q182046
RomanoAlberti,Q3338349
MariottoAlbertinelli,Q436823
LaurentiusAlbertus,Q1264440
Alcamene,Q505640
AndreaAlciato,Q464471
Alcibiade,Q187982
Alcinoos,Q936686
HeinrichAldegrever,Q62514
ClementVIII,Q170395
PietroAldobrandini,Q691894
AlexandreLeGrand,Q8409
HeronAlexandrie,Q161853
AlessandroAlgardi,Q336798
Dante,Q1067
Correge,Q8457
Ingegno,Q2846290
SaintJacquesMineur,Q16621985
Althee,Q440440
BindoAltoviti,Q22810427
FerdinandAlvareDeTolede,Q80847
Amalasonte,Q371670
Amalthee,Q107785
ChristophAmberger,Q653163
AngePolitien,Q250414
JostAmman,Q116240
BartolomeoAmmannati,Q312366
AmmienMarcellin,Q172198
ScipioneAmmirato,Q600041
Amphiaraos,Q330584
Amphion,Q242835
Amulius,Q1395422
Amycos,Q697942
Anacreon,Q213484
Anaxagore,Q83041
Anchise,Q211953
LippoAndrea,Q18627228
Androcydes,Q4759434
Andromede,Q161582
JacquesAndrouetDuCerceau,Q781934
SaintAndre,Q43399
FraAngelico,Q5664
MargueritedeNavarre,Q190058
JacquesAngouleme,Q19597256
EuropaAnguissola,Q1375207
LuciaAnguissola,Q465443
SofonisbaAnguissola,Q236038
CharlesIAnjou,Q203829
CharlesCalabre,Q201737
ReneAnjou,Q170353
SainteAnne,Q164294
MichelangeloAnselmi,Q577590
Antinous,Q171876
SainteMarguerite,Q297742
Antiochos,Q579596
Antiphile,Q581959
Anthistene,Q179149
Antisthene,Q179149
MarcAntoine,Q51673
Antee,Q272006
Apama,Q237626
Apelle,Q216822
PetrusApianus,Q58662
Apollodore,Q522080
Apollon,Q37340
Appien,Q190368
Aquilon,Q2859290
ThomasAquin,Q9438
Arachne,Q190082
AlphonseV,Q312304
Arcadius,Q159369
GiuseppeArchimboldo,Q7751
Archimede,Q8739
ArchelaosI,Q26846
GaleazzoArconati,Q47009360
ArdicesDeCorinthe,Q3622541
Arellius,Q4788796
MarchionneAretino,Q60841695
PietroAretino,Q296272
SpinelloAretino,Q287934
PellegrinoAretusi,Q2698667
MargaritoArezzo,Q2518566
Ariane,Q184874
JosephDArimathie,Q271474
LudovicoAriosto,Q48900
AeliusAristide,Q354431
Aristodeme,Q15816269
Aristophane,Q43353
Aristote,Q868
GeorgesDArmagnac,Q1772423
GiovanniBattistiArmenini,Q5563697
LouisDArpajon,Q1872093
Guariento,Q1391765
Arrien,Q31845
ArsinoeII,Q40234
Artaxerxes,Q189689
ArtaxiasI,Q319478
ArtemiseI,Q232128
Asclepios,Q83223
AsiaNymphe,Q605744
TizianoAspetti,Q323978
SaintFrancois,Q676555
Astaroth,Q830172
Astarte,Q130274
Atalante,Q190323
Atargatis,Q221735
Athenodore,Q182235
Damon,Q2346819
GlyconAthenes,Q707097
Metrodore,Q721095
Philon,Q240499
Philostrate,Q2274948
AttaleII,Q312431
IsottadegliAtti,Q1168634
TitusAtticus,Q311733
Attila,Q36724
Auguste,Q1405
AuluGelle,Q294800
Aurelien,Q46780
CharlesDAutriche,Q159817
IsabelleClaireEugenieDAutriche,Q158256
JacopoAvanzi,Q579717
Azarias,Q2025510
Baal,Q590467
Bacchus,Q645312
DominiqueBachelier,Q3034958
NicolasBachelier,Q713209
SistoBadalocchio,Q729057
AntonioBadile,Q941609
GiovanniBaglione,Q983332
BaccioBaldini,Q324091
BernardinoBaldini,Q28973029
AlessoBaldovinetti,Q472073
SaintBasile,Q1136050
BaccioBandinelli,Q358348
GiovanniBandini,Q3766522
SaintJeanBaptiste,Q40662
DanieleBarbaro,Q378870
HermolaoBarbaro,Q1236821
SainteBarbe,Q192816
AntonioBarberini,Q599744
FrancescoBarberini,Q534683
UrbainVIII,Q131579
LouisBarbierDeLaRiviere,Q3261176
DomenicoDelBarbiere,Q1411009
Guerchin,Q334262
PaulII,Q102605
JeanBarbé,Q112426675
HannibalBarca,Q36456
DirckBarendsz,Q2183916
GiovanniBarile,Q21899339
TommasoBarlacchi,Q21555335
CesareBaronio,Q317900
JacopoBarozziDaVignola,Q297565
CosimoBartoli,Q1136048
PietroBartoli,Q117038000
TaddeoDiBartolo,Q740231
FraBartolomeo,Q7780
DomenicoVeneziano,Q368546
MarcoBasaiti,Q918859
Basiliscus,Q193056
Bassano,Q20888877
FrancescoBassanoIlVecchio,Q3080906
FrancescoBassano,Q705079
GerolamoBassano,Q286685
GiovanniBattistaBassano,Q3107030
JacopoBassano,Q346502
LeandroBassano,Q1349666
MartinoBassi,Q3850232
JeanBaudouin,Q3170645
JeromeBaullery,Q3190805
JohannWilhelmBaur,Q324487
Sodoma,Q8506
CharlesBeaubrun,Q5075493
HenriBeaubrun,Q21452901
LouisBeaubrun,Q57243958
DomenicoBeccafumi,Q455712
LorenzoBeccafumi,Q21710984
JacquesBellange,Q874658
BartolomeoBellano,Q809488
JehanBellegambe,Q932136
SilvioBelli,Q18945788
GentileBellini,Q290407
GiovanniBellini,Q17169
JacopoBellini,Q313310
NicolosiaBellini,Q18507304
VittoreBelliniano,Q4015179
GiovanniPietroBellori,Q714400
Belus,Q617753
PietroBembo,Q334188
GinevraBenci,Q3494135
GiovanniBattistaBenedetti,Q451647
SainteCatherineDeSienne,Q229190
Bernin,Q160538
GiovanBattistaBertani,Q3766052
JacopoBertoia,Q1643157
LorenzoDiBicci,Q856749
Franciabigio,Q537712
FlavioBiondo,Q434834
MichelangeloBiondo,Q16657844
SainteBrigitteDeSuede,Q204996
JacquesBlanchard,Q385845
AbrahamBloemaert,Q329811
CornelisIIBloemaert,Q518767
LancelotBlondeel,Q2125116
FrancoisBlondel,Q600701
BoccaccioBoccaccino,Q721349
CamilloBoccaccino,Q1029340
BenoitXI,Q169301
AchilleBocchi,Q3604350
FrancescoBocchi,Q5479222
FerdinandBol,Q374039
HansBol,Q999233
NicolasBollery,Q3340069
VitaleDaBologna,Q2575398
Giambologna,Q220136
SchelteBolswert,Q2288622
GiovanniAntonioBoltraffio,Q442528
PierioValeriano,Q710070
GiulioBonasone,Q1527962
GregoireXIII,Q83029
GianpaoloBonconti,Q99887491
OnofrioBoni,Q28571871
FrancoisDeBonneDeCrequi,Q3086124
FrancescoBonsignori,Q2524101
AlessandroBonvicino,Q954504
AnselmusBoetiusDeBoodt,Q1818116
ParisBordone,Q366081
GiovanniAlfonsoBorelli,Q311814
PaulV,Q132711
AntigoneleBorgne,Q55038392
GherardoBorgogni,Q55875086
BorisI,Q311057
AlexandreVI,Q108316
CarloBorromeo,Q216946
FedericoBorromeo,Q469171
Boree,Q109220
HieronimusBosch,Q130531
FrancescoBoschi,Q3080919
AndreaBoscoli,Q1056313
AntonioBosio,Q600982
AbrahamBosse,Q326215
AntipaterDeBostra,Q2696411
AndriesBoth,Q510472
JanBoth,Q981631
MatteoBotti,Q24718757
SandroBotticelli,Q5669
LouisBoucherat,Q3261319
PierreBoucle,Q10349690
HennequinDeBruges,Q1370613
Valentin,Q1337275
Boupalos,Q852011
CharlesIIIBourbon,Q506466
FrancescoDelMonte,Q140106
ArmandDeBourbonConti,Q465844
SebastienBourdon,Q553795
LouisIIBourdonConde,Q310837
Boutades,Q1017839
ClaudeBoutet,Q2977077
ClaudineBouzonnetStella,Q5129302
JeanIDeBragance,Q2701474
FrancescoBrambillaIlGiovane,Q3749665
GiovanniBattistaBranconioDellAquila,Q3107048
IsabellaBrandt,Q2215964
JanBrandt,Q21543237
FriedrichIBrentel,Q5503769
PaulBril,Q540753
AgnoloBronzino,Q7803
SalomonDeBrosse,Q725816
JeanBaptisteDeBrouchoven,Q1985418
AdriaenBrouwer,Q364139
LiberalBruand,Q3090458
JanBrueghel,Q209050
PieterBrueghelDeOude,Q43270
Brunelleschi,Q174330
DomenicoBrusasorzi,Q2297219
Bryaxis,Q122196
Bucephale,Q201598
BuonamicoBuffalmacco,Q972487
GiulianoBugiardini,Q2578459
JeanBullant,Q967445
FrancoisBunel,Q5493203
JacobBunel,Q6118432
PietroBuonaccorsi,Q918778
LodovicoDiLeonardoBuonarrotiSimoni,Q21707110
MichelAnge,Q5592
GiovanniBuonconsiglio,Q5563793
Duccio,Q15792
CesarDeBus,Q1150806
GabrieleBusca,Q18945327
Buschetto,Q97516526
AgostinoBusti,Q395600
BernardinoButinone,Q2622155
NicolasBeatrizet,Q461143
Beseleel,Q853439
Cacus,Q754686
Cadmos,Q27613
Calamis,Q918382
JanStevenVanCalcar,Q1397369
Calchas,Q725527
BenedettoCaliari,Q2054338
CarloCaliari,Q2939168
GabrieleCaliari,Q5515997
Caligula,Q1409
CalixteI,Q122376
Callicles,Q553801
CalliclesPeintre,Q11916351
Callicratidas,Q465803
Callicrates,Q114112
Callimaque,Q553631
Calliope,Q103975
Callon,Q1722514
JacquesCallot,Q460124
DenysCalvaert,Q544264
LazzaroCalvi,Q3220074
Calypso,Q48961
AndreaCamassei,Q3615565
LucaCambiaso,Q712512
GiulioCamillo,Q331003
GirolamoCampagnola,Q27501610
GiulioCampagnola,Q1989594
Campaspe,Q432787
AntonioCampi,Q601175
BernardinoCampi,Q822891
GaleazzoCampi,Q707600
GiulioCampi,Q1528003
VincenzoCampi,Q921130
Candaule,Q434217
PeterCandid,Q315803
PietroMariaCanepario,Q21855521
DomenicoCanigiani,Q55226388
LorenzoCanozi,Q3836903
CaterinaCantoni,Q123753387
GirolamoCappello,Q5564757
JuliusCapitolinus,Q391514
FrancescoCapriani,Q748699
Caracalla,Q1446
CarloCarafa,Q1041979
PaulIV,Q101430
GiovanniJacopoCaraglio,Q705640
Caravage,Q42207
PolidoroDaCaravaggio,Q964822
GerolamoCardano,Q184530
GiovanFrancescoCaroto,Q966586
VittoreCarpaccio,Q5581
UgoDaCarpi,Q1967967
AgostinoCarracci,Q316269
AnnibaleCarracci,Q7824
AntonioCarracci,Q2624075
LodovicoCarracci,Q380553
JacopoDiCasentino,Q2723390
AlessandroCasolani,Q461700
Cassandre,Q11912953
Cassiodore,Q192365
DionCassius,Q185223
AndreaDelCastagno,Q240737
GiambattistaCastaldo,Q126895
BernardoCastello,Q2345205
GiovanniBattistaCastello,Q723221
BaldassareCastiglione,Q211133
GiovanniBenedettoCastiglione,Q40823
Castor,Q190103
PietroCataneo,Q970999
SainteCatherine,Q179718
MarcusPorciusCato,Q180081
CatonUtique,Q193506
DaneseCattaneo,Q1080223
Catule,Q163079
GiovanniBattistaDeCavalieri,Q5563765
PietroCavallini,Q316009
GiacomoCavedone,Q2704031
PierreDeCazeneuve,Q3387491
Cain,Q205365
Cecrops,Q500739
BenvenutoCellini,Q190116
AulusCorneliusCelsus,Q312420
Censorin,Q707449
MarcelII,Q101776
JulesCesar,Q1048
GiuseppeCesari,Q933026
CesareCesariano,Q935752
AlonsoChacon,Q661419
Chalcidius,Q729244
JeanChalette,Q3171196
JeanBaptisteDeChampaigne,Q3164509
PhilippeDeChampaigne,Q314814
NicolasChaperon,Q2476960
Charites,Q184353
Charlemagne,Q3044
CharlesIX,Q134309
CharlesVIII,Q134452
Chersiphron,Q1070392
AgostinoChigi,Q395635
Childebert,Q212852
SaintChristophe,Q193507
Ciceron,Q1541
CimaDaConegliano,Q8453
Cimabue,Q15790
BartolomeoCincani,Q809507
GirolamoCiocca,Q89808768
AntonioMariaCiocchiDelMonte,Q2517851
JulesIII,Q169911
ValerioDiSimoneCioli,Q2257363
Orcagna,Q366499
NiccoloCircignani,Q382762
VincenzoCiverchio,Q3559930
MatteoDiGiovanniCivitali,Q1909372
GiovanniBattistaClarici,Q24887950
JoosVanCleve,Q153472
GiulioClovio,Q281219
Clovis,Q82339
Cleanthe,Q11914067
Clelie,Q868015
CimonDeCleones,Q5120160
Cleopatre,Q635
Anfione,Q3616665
HieronymusCock,Q640361
HoratiusCocles,Q1115859
BenedettoCoda,Q327706
MaykenCoecke,Q28567978
PieterCoeckeVanAelst,Q434006
EdouardColbertVillacerf,Q3579778
JeanJulesArmandColbert,Q3166555
JeanBaptisteColbert,Q188971
AdriaenCollaert,Q2825010
RaffaellinoDelColle,Q1323835
ChristopheColomb,Q7322
FrancoisColombeDuLys,Q105210094
MartinV,Q169612
PompeoColonna,Q176545
VittoriaColonna,Q255368
DenysDeColophon,Q11917274
Colote,Q1234536
Columelle,Q318317
GregorioComanini,Q3776496
Commode,Q1434
DomenicoCompagni,Q51574250
AscanioCondivi,Q721545
EugeneIV,Q167561
ConstanceII,Q46418
Constant,Q185538
ConstantII,Q41613
Constantin,Q8413
ConstantinV,Q41635
ConstantinVI,Q41661
SainteConstance,Q464452
LazareDeConstantinople,Q2567661
NataleConti,Q328186
AntonioDaSangalloIlGiovane,Q357276
Cleophante,Q11914094
DemarateDeCorinthe,Q458754
AlviseCornaro,Q389140
MichelCorneille,Q2613210
PierreCorneille,Q747
CornelisVanHaarlem,Q442484
LucasCornelisz,Q6696121
CornelisCort,Q167220
PierreDeCortone,Q333323
HernanCortes,Q7326
MatthiasCorvin,Q188634
PieroDiCosimo,Q280851
SilvioCosini,Q3960853
LorenzoCosta,Q357807
JeanICotelle,Q51463250
FrancisCottington,Q5480626
JeanCousin,Q2610648
PierreCoustau,Q16590303
MichelICoxie,Q937645
SimoneDeiCrocifissi,Q3484633
MilonDeCrotone,Q338948
Cresus,Q184462
Cupidon,Q5011
LuciusPapiriusCursor,Q465309
InnocentVIII,Q161351
Cybele,Q188236
Cyllare,Q3676711
Theodoret,Q317029
CyrusII,Q8423
SainteCecile,Q80513
Ceres,Q32102
EusebeDeCesaree,Q142999
SaintFidele,Q603655
BattistaDelMoro,Q2891762
CharlesDAlbertDAilly,Q2960494
DemetriosAlopece,Q5255305
GeorgesDAmboise,Q729743
CarloLuigiDAragonaTagliava,Q3659979
TigraneLeGrand,Q201303
AlbertVII,Q311452
AnneDAutriche,Q151209
MarieThereseDAutriche,Q152549
CatherineDAutriche,Q237737
CatherineMichelleDAutriche,Q233187
ErnestDAutriche,Q327156
DonJuanDAutriche,Q157107
MarieDAutriche,Q157077
CharlesIIEspagne,Q36174
PhilippeIV,Q691402
HerculeIIEste,Q1348702
BeatriceDEste,Q813280
GabrielleDEstrees,Q234911
GuillaumeInspruck,Q24950852
MarcoDOggiono,Q982274
MichelinoDaBesozzo,Q2517498
PieroDaVinci,Q371916
Dagobert,Q109860
Dagon,Q623065
GaspardDeDaillonDuLude,Q3098816
LippoDalmasio,Q2009694
Danae,Q190582
PellegrinoDaSanDaniele,Q732082
IgnazioDanti,Q948226
JeanDaret,Q3171555
PierreDaret,Q2093368
DariusIII,Q102865
Dathan,Q2238834
CarloDati,Q3659787
David,Q41370
CharlesIIBourbon,Q2959407
CleantheDeCorinthe,Q43315
Iaia,Q537177
PhilippeDeFrance,Q296555
CharlesIIFrancois,Q156400
CornelisVanHeem,Q1133621
JuanDeHerreraDeMaliano,Q363914
Idomenee,Q648287
ChristineDeLorraine,Q257579
DorotheeDeLorraine,Q20036771
SaintAmbroise,Q43689
Nostradamus,Q39978
DemetriosDePhalere,Q313286
FredericArmandDeSchomberg,Q61718
InnocentIII,Q128076
AnselmedeCantorbery,Q43939
FrancescoDelGiocondo,Q1395822
GervaisDelabarre,Q21034166
EtienneDelaune,Q2114093
WillemJacobszDelff,Q807808
ScipioneDelfinone,Q3952399
StefanoDellaBella,Q921242
SixteIV,Q163514
FrancoisMarieDellaRovere,Q555015
JulesII,Q80516
GuidobaldoIIDellaRovere,Q1397788
MicheleDellaTorre,Q981277
GiovanniDelleCorniole,Q19569735
MarcoDente,Q712750
ClaudeDeruet,Q355563
GirardDesargues,Q152817
ReneDescartes,Q9191
Deucalion,Q207715
Bramante,Q7793
ArnolfoDiLapo,Q315249
BenedettoDiada,Q3638104
Diane,Q132543
DidierDeLombardie,Q297520
Didon,Q905162
AbrahamJanszVanDiepenbeeck,Q330854
Dieu,Q190
Dinias,Q11917928
Dinocrate,Q471762
Diocletien,Q43107
DiodoreDeSicile,Q171241
Dioscoride,Q297776
Discordia,Q3030152
LudovicoDolce,Q1867806
Dominiquin,Q320118
Domitien,Q1423
Donatello,Q37562
Mastelletta,Q547109
IppolitoDonesmondi,Q22054594
AgnoloDoni,Q26791760
AntonFrancescoDoni,Q601844
MaddalenaDoni,Q95651342
AndreaDoria,Q156521
CharlesDorigny,Q2958932
MichelDorigny,Q3309511
BattistaDossi,Q2706669
DossoDossi,Q356777
GerritDou,Q335927
BernardoDoviziDaBibbiena,Q823002
MarcusLiviusDrusus,Q703346
Claude,Q1411
FrancoisDuQuesnoy,Q960381
AmbroiseDubois,Q2415583
ToussaintDubreuil,Q386127
JacquesDubroeucq,Q3087528
CharlotteDuchesne,Q115779510
NicolasDuchesne,Q97696303
AnneMarieDughet,Q108679856
GaspardDughet,Q741375
HeleneDuglioli,Q18288245
ReneDuguay,Q552766
KarelDujardin,Q719666
GuillaumeDumee,Q16640510
EtienneDuperac,Q289626
AntoineDurand,Q105112330
VanDyck,Q150679
Dedale,Q134756
Dejanire,Q272000
Deioces,Q332578
Democrite,Q41980
AlbrechtDurer,Q5580
AlbrechtDurerElder,Q535910
Echion,Q508886
JustusVanEgmont,Q1034140
Eleazar,Q159443
Eleusis,Q27924383
Elie,Q133507
Elisee,Q206238
FerdinandElle,Q3068556
AdamElsheimer,Q310285
PaulEmile,Q432244
RodolpheII,Q150586
Empedocle,Q83375
QuintusEnnius,Q47130
Enee,Q82732
Epicarme,Q312410
Epicure,Q43216
AntiochosIV,Q3356
MarioEquicola,Q3848545
Erostrate,Q244944
CharlesErrard,Q706960
JeanErrard,Q1387082
Eschyle,Q40939
CharlesDEscoubleau,Q55772534
Esope,Q43423
AlphonseIEste,Q188346
HippolyteIIEste,Q554296
LioneldEste,Q1379797
Euclide,Q8747
Eudoxie,Q576354
Eumarus,Q9256152
Euphorbe,Q599489
Euphranor,Q949770
Eupompe,Q366604
Euripide,Q48305
PrincesseEurope,Q165170
Euryale,Q836140
Eurydice,Q208588
Eve,Q830183
Evenor,Q11921357
VanEyck,Q102272
Ezechiel,Q194064
QuintusFabiusMaximusVerrucosus,Q274545
GentileDaFabriano,Q312393
PietroFacchetti,Q3388115
Filarete,Q449961
GiacomoFantoni,Q6119969
PaoloFarinati,Q367287
PaulIII,Q133001
AlessandroFarneseIlGiovane,Q248459
AlexandreFarnese,Q312903
EdouardFarnese,Q2542756
CleliaFarnese,Q2978781
OttavioFarnese,Q442497
RanuccioIFarnese,Q544873
JeanBaptisteDeFaudran,Q50278363
Fauna,Q1042300
Fauno,Q223194
Faunus,Q3089703
AndreaFeltrini,Q2846439
FerdinandAutriche,Q559041
FerdinandII,Q12860
FabrizioFerrari,Q88099562
FilippoFerrari,Q3071889
Gaudenzio,Q734108
FrancescoFerrucci,Q3750862
MarsileFicin,Q192374
MinoDaFiesole,Q477441
GaspardDeFieubet,Q55772421
AmbrogioFigino,Q1525712
MasoFiniguerra,Q630165
JacobelloDelFiore,Q2634352
StefanoFiorentino,Q1093544
MaturinoFiorentino,Q2606874
Baroccio,Q316731
NicolasFlamel,Q213330
FlaminioVacca,Q527235
Flore,Q209644
FransFlorisI,Q543948
RobertFludd,Q453697
EspritFlechier,Q1368429
LouisDeFoix,Q124866947
AnnibaleFontana,Q3618059
DomenicoFontana,Q336806
LaviniaFontana,Q236050
NiccoloTartaglia,Q201543
ProsperoFontana,Q460751
Caradosso,Q744092
VincenzoFoppa,Q222923
Fortuna,Q4654
BasileFouquet,Q13510947
NicolasFouquet,Q312794
JacquesFouquieres,Q327364
HeleneFourment,Q1965732
MargueriteDeFrance,Q235835
CharlesV,Q167782
CharlesVI,Q160349
CharlesVII,Q133372
ChristineDeFrance,Q1083398
FrancoisIer,Q129857
HenrietteMarieDeFrance,Q848615
ElisabethDeFrance,Q176041
LouisDeFrance,Q784173
PieroDellaFrancesca,Q5822
FrancescoFrancia,Q260057
BattistaFranco,Q976786
FrancoisII,Q132548
ClaudeFrancois,Q2977396
FrancoisDerand,Q3084427
SimonFrancois,Q7518780
MartinFreminet,Q347902
MedericFreminet,Q16665770
RolandFreartDeChambray,Q2739285
PaulFreartDeChantelou,Q3371258
AmbroiseFredeau,Q18042167
MartinFumee,Q3295428
MarcusFuriusCamillus,Q294862
AndreFelibien,Q518705
Feronie,Q1407528
AgnoloGaddi,Q363296
GaddoGaddi,Q729041
NiccoloGaddi,Q56248303
TaddeoGaddi,Q315835
GaiusFabiusPictor,Q731587
Galatee,Q241070
ClaudeGalien,Q8778
FedeGalizia,Q2428749
NunzioGalizia,Q3346449
CornelisGalleI,Q869133
PhilipGalle,Q1379395
VulcatiusGallicanus,Q1243321
Gallien,Q104475
QuintusRoscius,Q1077925
Ganymede,Q131588
Garofalo,Q728512
LucasGassel,Q1873074
GastonDeFrance,Q644635
BernardinoGatti,Q822909
PomponioGaurico,Q205847
LelioGavardo,Q110163224
GeorgGeldorp,Q1504435
ClaudeLorrain,Q214074
Geminos,Q379987
BartolomeoGenga,Q601390
GirolamoGenga,Q920115
Genseric,Q152127
ArtemisiaGentileschi,Q212657
AntonioDaFaenza,Q21282288
BalthazarGerbier,Q2462938
Germanicus,Q191039
ConradGessner,Q55191839
ConsiglioGherardi,Q1660326
MonaLisa,Q153032
LorenzoGhiberti,Q208125
GirolamoGhilini,Q22789845
BenedettoGhirlandaio,Q2554861
DavideGhirlandaio,Q1145811
DomenicoGhirlandaio,Q191423
RidolfoDelGhirlandaio,Q64881
GiorgioGhisi,Q1010603
PieV,Q131945
GianelloTorriani,Q1388187
GiovanniAndreaGiliodaFabriano,Q21479080
GiovanniGiocondo,Q336806
Giorgione,Q8459
Giotto,Q7814
AgostinoDiGiovanni,Q395759
BertoldoDiGiovanni,Q828363
DarioDiGiovanni,Q3702686
GiovanniMariaFalconetto,Q1071025
PaoloGiovio,Q437543
GirolamoMacchietti,Q350028
DanielGittard,Q3014096
FrancescoGiuntini,Q3080974
BenedettoGiustiniani,Q1079785
PompeoGiustiniani,Q3907872
VincenzoGiustiniani,Q1396468
AntoineGodeau,Q586272
Goliath,Q192785
HendrickGoltzius,Q165367
HubertusGoltzius,Q1866375
JeromeDeGondi,Q23000804
EleonoreGonzague,Q237940
FrancoisIIGonzague,Q715191
HerculeGonzague,Q2631018
LouisIIIMantoue,Q969770
LouisGonzague,Q969113
Gordien,Q1782
JanGossaert,Q346952
ClementV,Q131463
HendrickGoudt,Q2101519
JeanGoujon,Q551643
CaiusGracchus,Q297183
AntivedutoGramatica,Q2565172
FestusGrammaticus,Q302723
SaintAntoine,Q170547
GregoireII,Q103321
GregoireXV,Q132692
MatthausGreuter,Q3299661
LodovicoGrignani,Q55228486
GiovanniGrimani,Q3767436
MarinoGrimani,Q746707
AndreaGritti,Q345506
GerardDeGroesbeek,Q707093
GregoireLeGrand,Q42827
GregoireX,Q161740
MatthiasGrunewald,Q154338
LouisIDuGuernier,Q19756117
RaffaelloGuidi,Q134451263
LelioGuidiccioni,Q56006638
Guide,Q109061
PaoloGuidotti,Q3894144
EtienneGuillery,Q86708768
MarieDeGuise,Q1464798
FrancoisGuy,Q3121786
DiegoMaxiaFelipezDeGuzman,Q691804
GasparDeGuzman,Q371833
Gyges,Q312537
NicomaqueGerase,Q360366
MaximilienI,Q150726
AlbertDAutriche,Q311452
LeopoldGuillaumeDeHabsbourg,Q437295
PhilippeIer,Q157098
Hadrien,Q1427
DenysHalicarnasse,Q26204
AdriaenHanneman,Q864279
JulesHardouinMansart,Q8053
AchilleDeHarlayDeSancy,Q2748358
Hasdrubal,Q311702
DenisDeLaHaye,Q29638951
MaertenVanHeemskerck,Q538350
DanielHeinsius,Q918731
JosephHeintz,Q535474
Helene,Q164061
SainteHelene,Q170164
JanSandersVanHemessen,Q427870
HenriIV,Q936976
HenriVIII,Q38370
HenriII,Q132545
HenriIIDeNavarre,Q317506
HenriIII,Q53448
Hercule,Q122248
Hermogene,Q716811
HerodeI,Q51672
Herse,Q16641710
LouisHesselin,Q3262184
Hippomene,Q1455747
SaintAugustin,Q8018
HieronII,Q313675
JanVanDenHoecke,Q1349676
JacobHoefnagel,Q1389562
HansHolbeinDeElder,Q49987
HansHolbeinDeJonge,Q48319
Homere,Q6691
GabrielHonnet,Q21406128
HonoreI,Q170502
Hora,Q3140425
Horace,Q6197
Horapollon,Q364379
GerritVanHonthorst,Q314548
Hyacinthe,Q207273
CaiusJuliusHyginus,Q298376
HyrcanII,Q359684
Hecube,Q193433
Hegesias,Q174532
Heliodore,Q1397528
Heliogabale,Q1762
Henoch,Q213027
Herodote,Q26825
Hesiode,Q44233
Icare,Q34041
Ictinos,Q311502
DariusI,Q44387
FerdinandI,Q150611
PyrrhusI,Q172353
SeleucosI,Q184176
XerxesI,Q129165
FredericIPrusse,Q151826
InnocenzoFrancucci,Q1350937
LuciusManliusCapitolinusImperiosus,Q1215407
Inachos,Q735623
Io,Q179014
Iphigenie,Q192673
Irene,Q450528
IreneAthenienne,Q206737
Isaac,Q671872
Isaie,Q188794
Judas,Q81018
Isis,Q79876
EverhardJabach,Q103934
Jacob,Q289957
JacquesIer,Q79972
AbrahamJanssens,Q330139
Janus,Q167685
Japet,Q179543
SaintJean,Q44015
Marie,Q1420921
BernhardJobin,Q2660980
PieterDeJodeI,Q724760
FrancoisDuJon,Q2951068
Jonas,Q2468262
JacobJordaens,Q270658
Joseph,Q128267
FlaviusJosephe,Q134461
Josue,Q7734
FrancoisDeJoyeuse,Q542804
AnneDeJoyeuse,Q565927
JubaII,Q315670
Judith,Q26454627
JulienApostat,Q33941
FranciscusJunius,Q2951068
Junon,Q125046
Jupiter,Q34201
Justinien,Q41866
Jezabel,Q721295
Kemoch,Q1725600
JacquesKerver,Q3159210
WillemKey,Q1827660
Kheops,Q161904
Hippocrate,Q5264
MelchiorIKusel,Q6812010
AngeGabriel,Q81989
CharlesDeLAubespine,Q1066583
PhilibertDelorme,Q440053
SainteMarieEgyptienne,Q237583
LaurentDeLaHyre,Q59894
AntonioLabacco,Q2290168
Laban,Q840401
MarcusAntistiusLabeo,Q436034
CaiusLaelius,Q706305
PieterVanLaer,Q576907
RaymondLafage,Q3420968
AntoineLafrery,Q602742
ChristineDeLalaing,Q6762644
GeorgesLallemand,Q1508985
NicolasLambertDeThorigny,Q95263801
AntoineLambin,Q104133496
Lamech,Q10921342
AlessandroLamo,Q33137047
LamoralComteEgmont,Q435844
AeliusLampridius,Q833542
DominiqueLampsonius,Q1909526
CristoforoLandino,Q711964
PaoloCamilloLandriani,Q3362607
GiovanniLanfranco,Q447730
NicolasLanglois,Q29436209
BernardinoLanino,Q2898897
Laocoon,Q22878
PieterLastman,Q352864
TommasoLaureti,Q357886
HansSebaldLautensack,Q1392217
LazareDeBethanie,Q539890
DiogeneLaerce,Q59138
HoraceLeBlanc,Q3140456
CharlesLeBrun,Q271676
CharlesLeCointe,Q2959599
PierreLeMoyne,Q3385867
PierreLeMuet,Q951717
AntoineLePautre,Q345884
BernardusLePetit,Q41313706
AntoninLePieux,Q1429
EustacheLeSueur,Q1378723
FrancoisLeVau,Q3085130
PhilippeLeBon,Q239337
TeodoreLeLecteur,Q920986
Leda,Q182019
RemeeVanLeemput,Q18526282
JeanLemaire,Q212445
JacquesLemercier,Q708858
RobertdeLenoncourt,Q1475239
LeonI,Q43954
LeonVArmenien,Q41641
LeoneLeoni,Q722092
PompeoLeoni,Q1858775
LeonXI,Q132716
Lepide,Q105452
HenriLerambert,Q15709386
PierreLescot,Q381724
ChristopheDeLestang,Q2966521
Leucothoe,Q339980
LucasVanLeyden,Q320980
LiberPater,Q1145491
BernardinoLicinio,Q2629038
GiulioLicinio,Q2013006
Lucullus,Q242819
PirroLigorio,Q736090
JacopoLigozzi,Q1337128
CharesDeLindos,Q449057
FilippinoLippi,Q296265
FraFilippoLippi,Q205148
JoostLips,Q315871
Liutprand,Q251836
NicolasLoir,Q3340535
GiovanniPaoloLomazzo,Q982538
LambertLombard,Q983189
AlfonsoLombardi,Q1103494
CristoforoLombardo,Q60040609
GirolamoLombardo,Q3768939
OnorioLonghi,Q2024585
FranciscoLopezDeGomara,Q721423
AngeloDiLorentino,Q3617296
AmbrogioLorenzetti,Q211562
PietroLorenzetti,Q309635
BattistaLorenzi,Q1525885
BuonaiutoLorini,Q18945105
CharlesIIILorraine,Q505040
Loth,Q40574
LouisIX,Q346
LouisXI,Q8058
LouisXII,Q58514
LouisXIII,Q737533
LouisXIV,Q7742
IgnaceDeLoyola,Q44281
Lucifer,Q35230
Apulee,Q170512
Lucrece,Q229432
Lorenzetto,Q1363951
LudovicoLudovisi,Q707750
AurelioLuini,Q1071000
BernardinoLuini,Q8537
MargaritaLuti,Q14798562
LorenzoLuzzo,Q2307438
Lycurgue,Q211326
SaintGeorges,Q48438
Lysandre,Q143559
AndreLebre,Q28016969
Lea,Q128847
Leochares,Q323430
LeonIIIIsaurien,Q31755
LeonIV,Q228205
LeonIVKhazar,Q41645
Levi,Q215512
Macrobe,Q3842165
LaodiceDeMacedoine,Q446503
PhilippeIIMacedoine,Q130650
CarloMaderno,Q122328
CristoforoMadruzzo,Q683106
AlessandroMaganza,Q2623038
MarieMadeleine,Q63070
GiovanniMaggi,Q21369214
Maggiore,Q18508239
SimonMagicien,Q294795
Soliman,Q8474
Mahomet,Q9458
BenedettoDaMaiano,Q675619
EmmanuelMaignan,Q3052782
BastianoMainardi,Q785254
IsaacMajor,Q21708176
HerculeMalatesta,Q3731200
SigismondMalatesta,Q506640
FrancoisDeMalherbe,Q358574
ulan_500027513,Q1160847
CarloCesareMalvasia,Q1160847
CarelVanMander,Q206173
BartolomeoManfredi,Q721166
FrancoisMansart,Q313701
GiovanniMansueti,Q347842
AndreaMantegna,Q5681
FredericIIMantoue,Q932200
VincentIdeMantoue,Q452580
RinaldoMantovano,Q3432160
DianaScultoriGhisi,Q3026163
GiovanniBattistaMantuano,Q3107069
AldoManuzio,Q213220
CarloMaratti,Q538998
MarcAurele,Q1430
PierreDeMarca,Q2302035
MarcantonioDellaTorre,Q1752847
MarcusClaudiusMarcellus,Q312306
FrancescoMarchetti,Q112483055
PietroMariaMarchetti,Q55995634
GuillaumeMarcillat,Q1364424
GiambattistaMarino,Q332489
CaiusMarius,Q177975
MichelDeMarolles,Q673168
SamuelMarolois,Q3261976
Mars,Q112
JeanMartin,Q2482957
SaintMartin,Q133704
SaintMartine,Q272101
Masaccio,Q5811
MasolinoDaPanicale,Q318117
GirolamoMassei,Q20735489
CamilloMassimi,Q1081418
JacobMatham,Q577044
MicheleDiMatteo,Q6836872
SaintMatthieu,Q43600
MatthijsBril,Q1908666
PierandreaMattioli,Q457191
ClaudeMaugis,Q95297348
SaintMaurice,Q316599
Mausole,Q296857
Maxence,Q182070
MaximilienIDuc,Q57206
JulesMazarin,Q166056
GiovanniAmbrogioMazenta,Q3766382
GuidoMazenta,Q108057281
Parmigianino,Q9348
GirolamoMazzolaBedoli,Q1527051
LudovicoMazzolino,Q1351631
GiuseppeMeda,Q3108095
EleonoraMedici,Q1991420
PieIV,Q161983
FerdinandIDeMedicis,Q297483
LeonX,Q49237
Medee,Q174278
MehmedII,Q34503
PomponiusMela,Q297515
Melanthius,Q5655448
ClaudeMellan,Q1274026
FranciscoDeMelo,Q252902
FrancescoMelzi,Q469379
LippoMemmi,Q504963
SimoneMemmi,Q221043
Memnon,Q506781
Menecmo,Q451566
AlessandroMenganti,Q64577318
FrancescoMerano,Q3081022
Mercure,Q1150
GirolamoMercuriale,Q980560
ManiusValeriusMaximusCorvinusMessalla,Q715220
AntonelloDeMessine,Q5594
Metagenes,Q862593
MethodiusI,Q1256661
Metion,Q591842
QuintenMetsys,Q314275
SaintMichel,Q45581
MichelIRhangabe,Q41652
MichelIIAmorien,Q41640
Michelozzo,Q309736
PierreBourdelot,Q463469
Micon,Q1387790
Midas,Q308398
MichielJanszVanMiereveld,Q864092
FransVanMieris,Q959236
NicholasMignard,Q2555178
PierreMignard,Q360010
PierreIIMignard,Q3385503
Ambroise,Q43689
SaintSatyr,Q2245450
JohannaVonMilkau,Q21635434
MiltiadeLeJeune,Q210350
Minerve,Q126916
AntonioMini,Q21710870
Minos,Q23168
ArtaxerxesII,Q188472
FrancescoMochi,Q1441151
MoctezumaII,Q141791
PierFrancescoMola,Q1192715
GiuseppeMoleti,Q3710748
Moloch,Q275010
JoosIIDeMomper,Q560548
HonoreIIDeMonaco,Q474802
LorenzoMonaco,Q155376
PierreMonier,Q3386358
JacopoDaMontagnana,Q3157655
GuidobaldoIMontefeltro,Q969797
BaccioDaMontelupo,Q2245460
RobertoDaMontevarchi,Q964293
AnthonieVanMontfoortBlocklandt,Q2281325
LouisDeMontjosieu,Q21036045
JeanDeMontlyard,Q3175589
SaintRoch,Q152457
AnthonisMorVanDashorst,Q176694
PaoloMorando,Q2382158
DomenicoMoreni,Q3713152
GiovanniGirolamoMorone,Q82697
GiovanniBattistaMoroni,Q504949
ThomasMore,Q42544
Moise,Q9077
Mucien,Q521520
FrancoisMuguet,Q16185976
JanHarmenszMuller,Q2725591
LuciusMummius,Q445455
PubliusDeciusMusI,Q374579
PubliusDeciusMusII,Q504145
PubliusDeciusMusIII,Q155350
AgostinoVeneziano,Q2623716
GirolamoMuziano,Q1333792
Myron,Q192211
IsabelleDeMedicis,Q271831
CatherineDeMedicis,Q131552
CosmeDeMedicis,Q48547
FrancoisIMedicis,Q299675
ClementVII,Q83159
JulienDeMedicis,Q333340
LaurentIIDeMedicis,Q312612
LaurentDeMedicis,Q177854
MarieDeMedicis,Q182021
PierreDeMedicis,Q262212
Megabyze,Q1852762
Megasthene,Q312548
Meleagre,Q321541
Menes,Q189574
Menelas,Q171839
Menelaos,Q451572
SymeonMetaphraste,Q439491
NabuchodonosorII,Q12591
LorenzoNaldini,Q98323508
RobertNanteuil,Q1356084
RobertINaples,Q290720
Narcisse,Q179256
FamianoNardini,Q3064854
MauriceDeNassau,Q164062
MichelNatalis,Q1176744
Nausicaa,Q135224
Jesus,Q302
CesareNebbia,Q503575
ViolanteNegretti,Q16747429
Nembrot,Q201861
Neptune,Q3954
Neron,Q1413
Nerva,Q1424
Neree,Q189527
Nestor,Q193267
CasparNetscher,Q217715
WolfgangGuillaumeDeNeubourg,Q61214
NicephoreI,Q208754
Nicias,Q2583871
Nicodeme,Q295084
NicetasI,Q1281867
Ninus,Q1152356
Nitocris,Q230774
GiacomoNizzola,Q3805911
JeanNocret,Q3173734
Noe,Q81422
AdamVanNoort,Q351328
CatharinaVanNoort,Q21710856
LambertVanNoort,Q4901800
DariusII,Q202236
Notos,Q903273
Nearque,Q320132
Neoptoleme,Q322639
ArtaxerxesIII,Q192867
Odoacre,Q103333
Oholiab,Q2112850
PietroPaoloOlivieri,Q19569719
GerardVanOpstal,Q673573
OrazioDeFerrari,Q1439681
FrancoisDOrbay,Q1270258
Origene,Q170472
BernaertVanOrley,Q454678
AnneMarieLouiseDOrleans,Q231832
Orphee,Q174353
PietroOrseolo,Q707192
VirginioOrsini,Q520436
PaoloGiordanoIIOrsini,Q21640069
FrancescoOsanna,Q55988940
Osiris,Q46491
Othon,Q1416
Ouranos,Q79999
Ovide,Q7198
LucaPacioli,Q87620
Pacuvius,Q314677
HilairePader,Q23770459
SainteJustine,Q288295
BlaiseFrancoisPagan,Q2905786
BenedettoPagni,Q2895740
Palamede,Q252387
GabrielePaleotti,Q163858
AndreaPalladio,Q177692
Pallas,Q37122
JacopoPalmaIlVecchio,Q9342
JacopoPalmaIlGiovane,Q651795
Pamphile,Q1346505
Panainos,Q715817
Pandrose,Q633120
AntonioMariaPanico,Q90876960
UrbainIV,Q169305
OnofrioPanvinio,Q1771889
ClaudeParadin,Q867849
LeonardoParasole,Q16853931
NicolasV,Q134588
MargueriteDeParme,Q307815
Parrhasios,Q552759
Pasiteles,Q1934954
BartolomeoPassarotti,Q809512
PaulEmileMacedonien,Q298168
Pausanias,Q192931
Pausias,Q1533115
HenryPeachamjunior,Q19288563
QuintusPediusPeintre,Q2701125
Peiraikos,Q3905609
FrancescoDiPellegrino,Q21546495
GiovanniFrancescoPenni,Q2327761
LucaPenni,Q3264994
SixteV,Q133350
ClaudePerrault,Q347699
AntoinePerrenotDeGranvelle,Q451178
FrancoisPerrier,Q82566
AscanioPersio,Q3624792
Persee,Q130832
BaldassarrePeruzzi,Q177213
SimonePeterzano,Q983632
JeanPetitot,Q556676
Petrarque,Q1401
PetrusChristus,Q312616
Phanostrate,Q112074588
Phaeton,Q203480
Phidias,Q177302
GuillaumePhilandrier,Q3120120
PhilippeII,Q34417
Philocles,Q7186040
Phocas,Q31556
Phraortes,Q332557
Phryne,Q232790
Phylarque,Q609147
Phyllis,Q1334087
LouisIPhelypeauxDeLaVrilliere,Q3262263
PieII,Q101437
PieIII,Q160030
Picus,Q235724
SaintPierre,Q33923
GiovanniDiPietro,Q1446925
PietroDaSalo,Q19569759
PoncePilate,Q17131
RogerDePiles,Q941981
GermainPilon,Q554943
MarcoPino,Q979474
PaoloPino,Q3362655
Pinturicchio,Q5591
CorneliusPinus,Q869142
SebastianoDelPiombo,Q285423
Pisanello,Q311082
AndreaPisano,Q311031
BonannoPisano,Q892084
GiovanniPisano,Q314932
NicolaPisano,Q364413
AnneDePisseleu,Q257557
FraPaolinoDaPistoia,Q3749183
BonifacioVeronese,Q744747
GiovanniBattistaPittoni,Q21540049
Platon,Q859
ArmandJeanDuPlessisDeRichelieu,Q26702
Pline,Q82778
Plotine,Q239448
Plutarque,Q41523
Pluton,Q152262
CornelisVanPoelenburgh,Q247183
DianeDePoitiers,Q276010
AntonioPollaiuolo,Q318640
PieroPollaiuolo,Q707046
TrebelliusPollio,Q669971
Pollux,Q190103
SigismondIII,Q52940
Polybe,Q131169
Polyclete,Q193422
Polydore,Q2102799
Polygnote,Q1972156
Polynice,Q334817
Polypheme,Q193567
Pomone,Q171239
PompeoGiustiniano,Q106398023
NumaPompilius,Q200031
AmalteoPomponio,Q598960
Pompee,Q125414
JacquiotPonce,Q3396131
GiovanniDalPonte,Q2749321
EvagriusPonticus,Q437869
PaulusPontius,Q1854445
Pontormo,Q207929
Porsenna,Q346588
GiovanniGiacomoDellaPorta,Q3767365
GiuseppePorta,Q3108131
GuglielmoDellaPorta,Q1623328
GiovanniBattistaDellaPorta,Q334154
AntonioPossevino,Q548115
SaintPotit,Q3947840
FransPourbusI,Q1445472
PieterPourbus,Q981558
NicolasPoussin,Q41554
CassianoDalPozzo,Q1048333
CharlesPoerson,Q2960032
Praxitele,Q105290
AndreaPrevitali,Q1097187
Priam,Q170473
FrancescoPrimaticcio,Q333366
Primatice,Q333366
AttiusPriscus,Q780907
PytheosdePriene,Q1243502
CamilloProcaccini,Q366999
ErcoleProcacciniI,Q3056023
GiulioCesareProcaccini,Q1119589
Promethee,Q83160
Proserpine,Q14515330
Protagoras,Q169243
Protogene,Q930914
Protee,Q191481
DionDePruse,Q334457
Psammetique,Q328763
Longin,Q744540
Psyche,Q843382
LorenzoPucci,Q745434
PierrePuget,Q371979
Pulcherie,Q231919
Putiphar,Q1148687
FrancoisDuPuy,Q65146534
Pygmalion,Q192343
Pyrgotele,Q1243453
Pyrrhon,Q192313
Pythagore,Q10261
Pytheas,Q189971
ParisMythologie,Q167646
Pelopidas,Q316059
Pelee,Q178641
Penelope,Q165769
Pericles,Q80398
Perugin,Q5827
ErasmusIIQuellinus,Q625228
JacopoDellaQuercia,Q314797
CharlesQuint,Q32500
QuinteCurce,Q5959
Quintilien,Q193769
Quirinus,Q320333
Rachel,Q207389
LattanzioRagnoni,Q3827553
MarcantonioRaimondi,Q728375
AgostinoRamelli,Q395696
BartolommeoRamenghi,Q740807
GiovanniBattistaRamenghi,Q5880111
RaphaelArchange,Q56951
AntoineDeRatabon,Q2856920
Pordenone,Q983352
RaffaeleRegio,Q7294005
PierreLouisReichDePennautier,Q3386016
Remus,Q1242632
EtienneRendu,Q41270999
IsabelleDeRequesens,Q11926873
Rhadamanthe,Q193609
Rhampsinit,Q1604113
Rhodope,Q16468441
JusepeDeRibera,Q297838
DanieleDaVolterra,Q540489
CarloRidolfi,Q776990
Rembrandt,Q5598
AlamannoRinuccini,Q4394728
CesareRipa,Q721704
JacopoRipanda,Q3157648
JeanPierreRivalz,Q3169711
LucaDellaRobbia,Q194977
RobertII,Q178918
ErcoleDeRoberti,Q379521
MarieDeRohan,Q438615
RoisMages,Q51671
GiovanniFrancescoRomanelli,Q2983846
PaoloRomano,Q2469612
Romanino,Q732766
GiulioRomano,Q215305
SainteFelicite,Q257960
SaintLaurent,Q17590
Romulus,Q2186
CristoforoRoncalli,Q1091136
GuillaumeRondelet,Q960658
JeanBaptisteRondelet,Q432786
PierreDeRonsard,Q49752
SalvatorRosa,Q359421
CosimoRosselli,Q29447
LuigiDeRossi,Q733662
ProperziaDeRossi,Q293106
RossoFiorentino,Q312617
MartinoRota,Q1984287
HansIRottenhammer,Q559004
Erasmus,Q43499
Roxane,Q190055
AlbertRubens,Q21543225
JanRubens,Q1682176
PeterPaulRubens,Q5599
PhilipRubens,Q15880673
CosimoRucellai,Q55911290
TommasoRues,Q3992848
FlaviusRufinus,Q363482
QuintusFabiusMaximusRullianus,Q435352
GirolamoRuscelli,Q2903986
GiovanniFrancescoRustici,Q720384
MaryRuthven,Q19610033
LorenzoSabatini,Q886785
AndreaSacchi,Q495008
Sadeler,Q12050805
HansSadeler,Q3161745
RaphaelSadeler,Q19569785
PieterSaenredam,Q433804
SaintCome,Q76486
SaintDamien,Q76486
SaintEtienne,Q161775
SaintGregoireDeNysse,Q191734
SaintLuc,Q128538
SaintMarc,Q31966
SaintPaul,Q9200
SaintSebastien,Q183332
MaximilienII,Q150862
SainteVeronique,Q196653
AndreaSalaino,Q954126
Salomon,Q37085
FrancescoSalviati,Q704594
GiovanniSalviati,Q2254728
AntonMariaSalvini,Q349065
OrazioSammacchini,Q2619534
TheodoreDeSamos,Q3286634
TheonDeSamos,Q3983954
LucienSamosate,Q177847
JoachimVonSandrart,Q551624
LorenzSandrart,Q58435668
AntonioDaSangalloIlVecchio,Q456861
BastianoDaSangallo,Q737782
FrancescoDaSangallo,Q2252502
GiulianoDaSangallo,Q312365
GiovanniAntonioSangiorgio,Q2255180
MicheleSanmicheli,Q459937
AndreaSansovino,Q495011
SantaDaria,Q1088478
GiovanniSanti,Q860949
Raphael,Q5597
Sappho,Q17892
Sarapis,Q214554
JacquesSarazin,Q1347676
AndreaDelSarto,Q5571
Saturne,Q134388
Saulaces,Q15802758
DenisSauvage,Q3022925
HonoreIII,Q160182
JacobISavery,Q658943
RoelandtSavery,Q142710
CharlesEmmanuelIer,Q318091
MauriceDeSavoie,Q610738
Savonarole,Q164823
LouisSavot,Q25918160
JosephJusteScaliger,Q315163
VincenzoScamozzi,Q309733
CorneilleSchut,Q592396
ChristophSchwarz,Q322029
ScipionAsiatique,Q361377
ScipionAfricain,Q2253
Scopas,Q309579
JanVanScorel,Q282708
DanielSeghers,Q928466
GerardSeghers,Q951884
GirolamoDaCarpi,Q2701846
OttavioSemino,Q3357741
SeptimeSevere,Q1442
LuciusSeptimius,Q10891032
VincenzoSeregni,Q4013515
SebastianoSerlio,Q452318
AbelServien,Q318496
CesareDaSesto,Q1056977
SethBible,Q107626
Seth,Q131795
PaoloSfondrati,Q116470973
FrancescoSforza,Q310536
FrancescoMariaSforza,Q378868
LudovicoSforza,Q236853
CostanzaSforza,Q3695632
AndreaSguazzella,Q3616052
Sibylle,Q273320
GirolamoSiciolante,Q2296884
CallirrhoeDeSicyone,Q16937338
Lysippe,Q192222
BarnaDaSiena,Q2447325
Sigismond,Q318347
SigismondI,Q54056
LucaSignorelli,Q7031
IsraelSilvestre,Q358612
Silene,Q464091
GabrielSimeoni,Q1321578
Diogene,Q59180
SixteII,Q127385
FransSnyders,Q29231
Socrate,Q913
PierSoderini,Q289104
JanSoens,Q3806935
CristoforoSolari,Q2408409
AndreaSolario,Q495110
GiacomoSoldati,Q18763333
Solinus,Q520487
Sophocle,Q7235
RaffaelleSoprani,Q3417351
Sostrate,Q11950695
PieterClaeszSoutman,Q577842
Sozomene,Q354350
BartolomeoSpani,Q12951031
LeonidasI,Q44228
AeliusSpartianus,Q1230624
AmbrogioSpinola,Q359936
BartholomaeusSpranger,Q447682
FrancescoSquarcione,Q380537
MassimoStanzione,Q982384
GherardoStarnina,Q2254774
HendrickIVanSteenwijck,Q709038
FrancoisStella,Q5493412
JacquesStella,Q605799
SimonStevin,Q23696
TobiasStimmer,Q677071
Strabon,Q45936
JanVanDerStraet,Q143595
SaintJerome,Q44248
RobertoStrozzi,Q21618876
CharlesII,Q122553
CharlesI,Q81506
Styx,Q542758
Bramantino,Q7799
FrancoisSubletDeNoyers,Q3085865
LambertSustris,Q1357759
ChristineDeSuede,Q52937
Suetone,Q10133
IsaacClaeszSwanenburgh,Q984253
HermanVanSwanevelt,Q875164
Sylla,Q483783
SylvestreI,Q47149
PierreSeguier,Q446912
Semiramis,Q103960
Semele,Q776139
Seneque,Q2054
IsidoreDeSeville,Q166876
AlexandreSevere,Q1769
InnocenzoTacconni,Q21455299
Tacite,Q2161
TaddeoTaddei,Q930159
SpuriusTadius,Q16854296
Paciotto,Q505652
VincenzoTamagni,Q524497
Tantale,Q182101
GuidoTarlati,Q378128
TarquinSuperbe,Q193047
TarquinAncien,Q212671
TorquatoTasso,Q168962
TitusTatius,Q960039
JacopoSansovino,Q202267
Telephane,Q20101912
AntonioTempesta,Q605447
DavidTeniers,Q335022
DavidITeniers,Q622729
GerardTerborch,Q346808
TerentiusLucanus,Q11951572
Terpandre,Q113417
Tertullien,Q174929
GiovanniCesareTesta,Q21523221
PietroTesta,Q2155480
PasquierTestelin,Q122216417
Thalestris,Q1246563
TheodolindeDeBaviere,Q232525
Theodora,Q230001
Theodose,Q46696
Theophile,Q60199
Thetis,Q184437
MelchisedecThevenot,Q956547
AndreThevet,Q523054
SaintThomas,Q43669
PhilippeThomassin,Q2087745
Thucydide,Q41683
TheodorVanThulden,Q260817
Octavie,Q229483
Aristide,Q265462
Themistocle,Q179552
TheodoricLeGrand,Q105105
Theophraste,Q160362
Thesee,Q1320718
DomenicoTibaldi,Q5290131
PellegrinoTibaldi,Q861385
Tibere,Q1407
Timagoras,Q114319165
Timanthe,Q707873
Timarete,Q537797
Timomaque,Q7806922
Timotheos,Q1342534
JacopoTintoretto,Q9319
MariettaTintoretto,Q544173
Ctesibios,Q41766
Tissapherne,Q355727
TiteLive,Q2039
Titien,Q47551
Titus,Q1421
Tityos,Q656887
EleonoreDeTolede,Q237717
FrancescoTorbido,Q1054349
NiccoloTornioli,Q934228
JohannesTorrentius,Q2459649
PietroTorrigiano,Q948332
FrancoisTortebat,Q21638792
Totila,Q159707
NicolasTournier,Q2631153
HenriToutin,Q19829722
JeanToutin,Q6214373
Trajan,Q1425
AntonioDaTrento,Q3620374
NiccoloTribolo,Q1360130
RaphaelTrichetDuFresne,Q19754092
HermesTrismegiste,Q192358
AntoineNicolasDeTroy,Q87323627
ElisabethI,Q7207
MarieTudor,Q82674
ServiusTullius,Q192998
BaldassareTurini,Q125275202
Turpilius,Q32857761
SextusTurpilius,Q182243
BenoitIX,Q178799
ApolloniosDeTyane,Q297040
MaximeDeTyr,Q456649
JeanTzetzes,Q530515
Tenes,Q426788
Terence,Q172048
PaoloUccello,Q192488
GiovanniDaUdine,Q983350
PhilippUffenbach,Q319135
Ulysse,Q47231
CarloUrbino,Q2939264
SaskiaVanUylenburgh,Q109676
BasileValentin,Q810169
ValentinienI,Q46720
MarcusValeriusMaximus,Q673518
ValeriusMaximus,Q379991
PubliusValeriusPublicola,Q318726
Valincour,Q3163775
FilippoValori,Q118611812
Stradanus,Q143595
PieterVanMol,Q1032847
LucasVanUffelen,Q21526240
AndreasVanWesel,Q170267
KarelVanManderII,Q3374685
HubertVanEyck,Q364350
FrancescoVanni,Q960581
GijsbertVanVeen,Q21855565
PieterVanVeen,Q21289685
BenedettoVarchi,Q176833
JosephVarin,Q51282754
Varron,Q206119
LadislasIV,Q54054
GiorgioVasari,Q128027
BonifacioDelVasto,Q1770709
GiovanniDeVecchi,Q1529507
BernardoVecchietti,Q52153968
CesareVecellio,Q549400
FrancescoVecellio,Q1743903
OrazioVecellio,Q7099974
OttoVanVeen,Q785355
AntonioVeneziano,Q2261335
AgnoloDiVentura,Q374428
MarcelloVenusti,Q2716659
AttonDeVerceil,Q512544
GiovanniMariaVerdizotti,Q4107591
Virgile,Q1398
JanCorneliszVermeyen,Q240396
LiberaleDaVerona,Q1374872
SebetoDaVerona,Q23586325
StefanoDaVerona,Q724508
FraGiovanniDaVerona,Q3749194
ZenoneVeronese,Q18545599
PaoloVeronese,Q9440
AntonioVerrio,Q2305594
AndreaVerrocchio,Q183458
HendrickVerschuring,Q1605114
Vespasien,Q1419
Vesta,Q178710
GiuseppeNiccoloVicentino,Q5565479
EneaVico,Q3725198
Victoire,Q308902
AureliusVictorAfer,Q275606
BlaiseDeVigenere,Q262880
ArmandJeanVignerotDuPlessis,Q2861881
ClaudeVignon,Q591684
FrancescoVillamena,Q516452
GeorgeVilliers,Q313817
LeonardoDaVinci,Q762
MarcusVipsaniusAgrippa,Q48174
Viridomaros,Q2590752
PhilippeMarieVisconti,Q289285
ProsperoVisconti,Q130361202
PirroIViscontiBorromeo,Q16765845
TimoteoViti,Q1709100
Vitruve,Q47163
AlessandroVittoria,Q1347426
AlviseVivarini,Q1258585
AntonioVivarini,Q935534
BartolomeoVivarini,Q456971
PieterVlerick,Q19883243
JohannesVoet,Q878674
FlaviusVopiscus,Q534986
JacobusDeVoragine,Q313460
LucasVorsterman,Q897552
MaertenDeVos,Q555022
IsaacVossius,Q3112766
SimonVouet,Q317920
AubinVouet,Q2870616
HansVredemanDeVries,Q944332
RemyVuibert,Q3456193
Vulcain,Q4640
MarcDeVulsonDeLaColombiere,Q303609
Vegece,Q4298
Venus,Q47652
LuciusAureliusVerus,Q1433
JoosVanWassenhove,Q515796
RogierVanDerWeyden,Q68631
AlofDeWignacourt,Q658756
Vitellion,Q710858
MichaelWolgemut,Q262771
Xenocrate,Q214121
Xenophon,Q129772
BernardoZenale,Q742607
Zenon,Q183452
Zeus,Q34201
Zeuxis,Q197044
AltichieroDaZevio,Q379567
MarcoZoppo,Q1369392
Zoroastre,Q35811
JanosZsamboky,Q931436
FedericoZuccaro,Q345605
TaddeoZuccaro,Q434058
GaetanoZumbo,Q547564
SaintJacquesMajeur,Q43999
Zenodore,Q3576497
Zephyr,Q467515
SainteElisabeth,Q235849
Eole,Q172549
Epaminondas,Q190436
Erichthonios,Q644921
Evandre,Q837699
Œnone,Q858671
